date,machine_id,plan_min,run_min,downtime_min,downtime_reason,prod_qty,good_qty,energy_kWh,date_str,availability,downtime_rate,defect_qty,yield_rate,defect_rate,productivity_hourly,good_productivity_hourly,energy_per_good,month,machine_group,anomaly_low_availability,anomaly_high_defect,anomaly_high_energy,anomaly_high_downtime,has_anomaly,grade
2026-01-01,A-01,480,420,60,금형교체,751,716,228.0,2026-01-01,87.5,12.5,35,95.34,4.66,107.29,102.29,0.3184,2026-01,A,False,False,False,False,False,C
2026-01-01,D-03,480,382,98,예방보전,712,680,240.7,2026-01-01,79.58,20.42,32,95.51,4.49,111.83,106.81,0.354,2026-01,D,True,False,False,True,True,D
2026-01-01,D-02,480,442,38,품질조정,825,810,312.4,2026-01-01,92.08,7.92,15,98.18,1.82,111.99,109.95,0.3857,2026-01,D,False,False,False,False,False,D
2026-01-01,D-01,480,452,28,자재대기,769,752,277.3,2026-01-01,94.17,5.83,17,97.79,2.21,102.08,99.82,0.3688,2026-01,D,False,False,False,False,False,D
2026-01-01,C-02,480,402,78,품질조정,775,712,251.4,2026-01-01,83.75,16.25,63,91.87,8.13,115.67,106.27,0.3531,2026-01,C,False,True,False,False,True,D
2026-01-01,C-01,480,357,123,금형교체,704,660,234.6,2026-01-01,74.38,25.62,44,93.75,6.25,118.32,110.92,0.3555,2026-01,C,True,False,False,True,True,D
2026-01-01,C-03,480,415,65,예방보전,731,689,273.0,2026-01-01,86.46,13.54,42,94.25,5.75,105.69,99.61,0.3962,2026-01,C,False,False,False,False,False,D
2026-01-01,B-02,480,465,15,예방보전,888,872,298.0,2026-01-01,96.88,3.12,16,98.2,1.8,114.58,112.52,0.3417,2026-01,B,False,False,False,False,False,B
2026-01-01,B-01,480,457,23,설비고장,758,715,273.1,2026-01-01,95.21,4.79,43,94.33,5.67,99.52,93.87,0.382,2026-01,B,False,False,False,False,False,D
2026-01-01,A-03,480,434,46,예방보전,819,818,253.3,2026-01-01,90.42,9.58,1,99.88,0.12,113.23,113.09,0.3097,2026-01,A,False,False,False,False,False,B
2026-01-01,A-02,480,458,22,예방보전,921,888,287.5,2026-01-01,95.42,4.58,33,96.42,3.58,120.66,116.33,0.3238,2026-01,A,False,False,False,False,False,B
2026-01-01,B-03,480,449,31,자재대기,780,751,299.1,2026-01-01,93.54,6.46,29,96.28,3.72,104.23,100.36,0.3983,2026-01,B,False,False,False,False,False,D
2026-01-02,C-02,480,426,54,설비고장,843,766,267.2,2026-01-02,88.75,11.25,77,90.87,9.13,118.73,107.89,0.3488,2026-01,C,False,True,False,False,True,D
2026-01-02,D-03,480,462,18,예방보전,843,818,306.1,2026-01-02,96.25,3.75,25,97.03,2.97,109.48,106.23,0.3742,2026-01,D,False,False,False,False,False,D
2026-01-02,D-02,480,480,0,정상가동,828,827,328.1,2026-01-02,100.0,0.0,1,99.88,0.12,103.5,103.38,0.3967,2026-01,D,False,False,False,False,False,D
2026-01-02,D-01,480,411,69,금형교체,743,712,265.4,2026-01-02,85.62,14.37,31,95.83,4.17,108.47,103.94,0.3728,2026-01,D,False,False,False,False,False,D
2026-01-02,C-01,480,427,53,금형교체,762,716,258.8,2026-01-02,88.96,11.04,46,93.96,6.04,107.07,100.61,0.3615,2026-01,C,False,False,False,False,False,D
2026-01-02,C-03,480,435,45,품질조정,831,789,243.4,2026-01-02,90.62,9.38,42,94.95,5.05,114.62,108.83,0.3085,2026-01,C,False,False,False,False,False,C
2026-01-02,B-02,480,459,21,설비고장,754,718,308.9,2026-01-02,95.62,4.38,36,95.23,4.77,98.56,93.86,0.4302,2026-01,B,False,False,True,False,True,D
2026-01-02,B-01,480,446,34,설비고장,731,705,288.6,2026-01-02,92.92,7.08,26,96.44,3.56,98.34,94.84,0.4094,2026-01,B,False,False,True,False,True,D
2026-01-02,A-03,480,446,34,예방보전,828,824,314.2,2026-01-02,92.92,7.08,4,99.52,0.48,111.39,110.85,0.3813,2026-01,A,False,False,False,False,False,D
2026-01-02,A-02,480,445,35,자재대기,866,830,251.2,2026-01-02,92.71,7.29,36,95.84,4.16,116.76,111.91,0.3027,2026-01,A,False,False,False,False,False,B
2026-01-02,A-01,480,450,30,품질조정,791,767,274.6,2026-01-02,93.75,6.25,24,96.97,3.03,105.47,102.27,0.358,2026-01,A,False,False,False,False,False,C
2026-01-02,B-03,480,423,57,품질조정,826,773,216.2,2026-01-02,88.12,11.88,53,93.58,6.42,117.16,109.65,0.2797,2026-01,B,False,False,False,False,False,C
2026-01-03,D-03,480,462,18,설비고장,751,720,262.4,2026-01-03,96.25,3.75,31,95.87,4.13,97.53,93.51,0.3644,2026-01,D,False,False,False,False,False,D
2026-01-03,D-02,480,409,71,예방보전,745,688,240.6,2026-01-03,85.21,14.79,57,92.35,7.65,109.29,100.93,0.3497,2026-01,D,False,False,False,False,False,C
2026-01-03,D-01,480,459,21,품질조정,868,850,282.1,2026-01-03,95.62,4.38,18,97.93,2.07,113.46,111.11,0.3319,2026-01,D,False,False,False,False,False,A
2026-01-03,C-03,480,392,88,자재대기,822,761,281.8,2026-01-03,81.67,18.33,61,92.58,7.42,125.82,116.48,0.3703,2026-01,C,False,False,False,False,False,D
2026-01-03,C-02,480,420,60,금형교체,835,797,225.6,2026-01-03,87.5,12.5,38,95.45,4.55,119.29,113.86,0.2831,2026-01,C,False,False,False,False,False,C
2026-01-03,C-01,480,398,82,금형교체,700,660,229.6,2026-01-03,82.92,17.08,40,94.29,5.71,105.53,99.5,0.3479,2026-01,C,False,False,False,False,False,D
2026-01-03,B-03,480,422,58,예방보전,720,691,280.5,2026-01-03,87.92,12.08,29,95.97,4.03,102.37,98.25,0.4059,2026-01,B,False,False,False,False,False,D
2026-01-03,B-01,480,413,67,품질조정,768,731,260.1,2026-01-03,86.04,13.96,37,95.18,4.82,111.57,106.2,0.3558,2026-01,B,False,False,False,False,False,C
2026-01-03,A-03,480,471,9,금형교체,814,780,300.6,2026-01-03,98.12,1.88,34,95.82,4.18,103.69,99.36,0.3854,2026-01,A,False,False,False,False,False,D
2026-01-03,A-02,480,480,0,정상가동,834,833,337.9,2026-01-03,100.0,0.0,1,99.88,0.12,104.25,104.12,0.4056,2026-01,A,False,False,False,False,False,D
2026-01-03,A-01,480,409,71,금형교체,703,662,250.2,2026-01-03,85.21,14.79,41,94.17,5.83,103.13,97.11,0.3779,2026-01,A,False,False,False,False,False,D
2026-01-03,B-02,480,396,84,품질조정,743,719,282.3,2026-01-03,82.5,17.5,24,96.77,3.23,112.58,108.94,0.3926,2026-01,B,False,False,False,False,False,D
2026-01-04,C-02,480,382,98,설비고장,674,644,250.0,2026-01-04,79.58,20.42,30,95.55,4.45,105.86,101.15,0.3882,2026-01,C,True,False,False,True,True,D
2026-01-04,D-03,480,470,10,설비고장,939,915,300.1,2026-01-04,97.92,2.08,24,97.44,2.56,119.87,116.81,0.328,2026-01,D,False,False,False,False,False,A
2026-01-04,D-02,480,429,51,설비고장,674,666,253.6,2026-01-04,89.38,10.62,8,98.81,1.19,94.27,93.15,0.3808,2026-01,D,False,False,False,False,False,D
2026-01-04,D-01,480,471,9,예방보전,811,788,285.9,2026-01-04,98.12,1.88,23,97.16,2.84,103.31,100.38,0.3628,2026-01,D,False,False,False,False,False,D
2026-01-04,C-01,480,364,116,예방보전,679,642,228.2,2026-01-04,75.83,24.17,37,94.55,5.45,111.92,105.82,0.3555,2026-01,C,True,False,False,True,True,D
2026-01-04,C-03,480,440,40,자재대기,868,806,286.7,2026-01-04,91.67,8.33,62,92.86,7.14,118.36,109.91,0.3557,2026-01,C,False,False,False,False,False,C
2026-01-04,B-02,480,444,36,품질조정,780,730,254.5,2026-01-04,92.5,7.5,50,93.59,6.41,105.41,98.65,0.3486,2026-01,B,False,False,False,False,False,C
2026-01-04,A-01,480,445,35,자재대기,777,770,266.4,2026-01-04,92.71,7.29,7,99.1,0.9,104.76,103.82,0.346,2026-01,A,False,False,False,False,False,B
2026-01-04,A-02,480,475,5,예방보전,875,838,282.5,2026-01-04,98.96,1.04,37,95.77,4.23,110.53,105.85,0.3371,2026-01,A,False,False,False,False,False,B
2026-01-04,B-03,480,403,77,금형교체,722,703,230.1,2026-01-04,83.96,16.04,19,97.37,2.63,107.49,104.67,0.3273,2026-01,B,False,False,False,False,False,D
2026-01-04,B-01,480,459,21,자재대기,833,822,274.7,2026-01-04,95.62,4.38,11,98.68,1.32,108.89,107.45,0.3342,2026-01,B,False,False,False,False,False,A
2026-01-04,A-03,480,450,30,자재대기,871,861,285.1,2026-01-04,93.75,6.25,10,98.85,1.15,116.13,114.8,0.3311,2026-01,A,False,False,False,False,False,A
2026-01-05,C-02,480,370,110,금형교체,723,664,248.8,2026-01-05,77.08,22.92,59,91.84,8.16,117.24,107.68,0.3747,2026-01,C,True,True,False,True,True,D
2026-01-05,D-03,480,437,43,자재대기,789,785,288.9,2026-01-05,91.04,8.96,4,99.49,0.51,108.33,107.78,0.368,2026-01,D,False,False,False,False,False,D
2026-01-05,D-02,480,417,63,자재대기,855,845,235.5,2026-01-05,86.88,13.12,10,98.83,1.17,123.02,121.58,0.2787,2026-01,D,False,False,False,False,False,C
2026-01-05,D-01,480,473,7,설비고장,830,786,267.4,2026-01-05,98.54,1.46,44,94.7,5.3,105.29,99.7,0.3402,2026-01,D,False,False,False,False,False,C
2026-01-05,C-03,480,402,78,자재대기,699,648,249.4,2026-01-05,83.75,16.25,51,92.7,7.3,104.33,96.72,0.3849,2026-01,C,False,False,False,False,False,D
2026-01-05,C-01,480,376,104,금형교체,733,700,239.9,2026-01-05,78.33,21.67,33,95.5,4.5,116.97,111.7,0.3427,2026-01,C,True,False,False,True,True,D
2026-01-05,B-03,480,434,46,예방보전,846,821,245.3,2026-01-05,90.42,9.58,25,97.04,2.96,116.96,113.5,0.2988,2026-01,B,False,False,False,False,False,B
2026-01-05,B-02,480,387,93,설비고장,692,658,234.8,2026-01-05,80.62,19.38,34,95.09,4.91,107.29,102.02,0.3568,2026-01,B,False,False,False,True,True,D
2026-01-05,B-01,480,429,51,자재대기,775,774,288.3,2026-01-05,89.38,10.62,1,99.87,0.13,108.39,108.25,0.3725,2026-01,B,False,False,False,False,False,D
2026-01-05,A-03,480,420,60,자재대기,810,779,262.2,2026-01-05,87.5,12.5,31,96.17,3.83,115.71,111.29,0.3366,2026-01,A,False,False,False,False,False,C
2026-01-05,A-02,480,421,59,자재대기,781,718,241.3,2026-01-05,87.71,12.29,63,91.93,8.07,111.31,102.33,0.3361,2026-01,A,False,True,False,False,True,D
2026-01-05,A-01,480,435,45,금형교체,742,720,282.4,2026-01-05,90.62,9.38,22,97.04,2.96,102.34,99.31,0.3922,2026-01,A,False,False,False,False,False,D
2026-01-06,D-02,480,480,0,정상가동,822,821,297.9,2026-01-06,100.0,0.0,1,99.88,0.12,102.75,102.62,0.3629,2026-01,D,False,False,False,False,False,D
2026-01-06,D-01,480,452,28,설비고장,836,814,276.2,2026-01-06,94.17,5.83,22,97.37,2.63,110.97,108.05,0.3393,2026-01,D,False,False,False,False,False,A
2026-01-06,C-03,480,374,106,설비고장,685,650,229.2,2026-01-06,77.92,22.08,35,94.89,5.11,109.89,104.28,0.3526,2026-01,C,True,False,False,True,True,D
2026-01-06,C-02,480,387,93,금형교체,803,739,246.7,2026-01-06,80.62,19.38,64,92.03,7.97,124.5,114.57,0.3338,2026-01,C,False,False,False,True,True,D
2026-01-06,C-01,480,365,115,금형교체,637,602,221.9,2026-01-06,76.04,23.96,35,94.51,5.49,104.71,98.96,0.3686,2026-01,C,True,False,False,True,True,D
2026-01-06,D-03,480,410,70,예방보전,750,735,253.0,2026-01-06,85.42,14.58,15,98.0,2.0,109.76,107.56,0.3442,2026-01,D,False,False,False,False,False,C
2026-01-06,B-03,480,436,44,자재대기,757,740,275.0,2026-01-06,90.83,9.17,17,97.75,2.25,104.17,101.83,0.3716,2026-01,B,False,False,False,False,False,D
2026-01-06,B-01,480,455,25,금형교체,939,933,306.1,2026-01-06,94.79,5.21,6,99.36,0.64,123.82,123.03,0.3281,2026-01,B,False,False,False,False,False,A
2026-01-06,A-03,480,445,35,자재대기,751,740,235.3,2026-01-06,92.71,7.29,11,98.54,1.46,101.26,99.78,0.318,2026-01,A,False,False,False,False,False,A
2026-01-06,A-02,480,402,78,예방보전,719,716,237.5,2026-01-06,83.75,16.25,3,99.58,0.42,107.31,106.87,0.3317,2026-01,A,False,False,False,False,False,D
2026-01-06,A-01,480,450,30,설비고장,834,825,264.8,2026-01-06,93.75,6.25,9,98.92,1.08,111.2,110.0,0.321,2026-01,A,False,False,False,False,False,A
2026-01-06,B-02,480,454,26,자재대기,771,748,264.0,2026-01-06,94.58,5.42,23,97.02,2.98,101.89,98.85,0.3529,2026-01,B,False,False,False,False,False,C
2026-01-07,D-03,480,433,47,품질조정,747,708,281.1,2026-01-07,90.21,9.79,39,94.78,5.22,103.51,98.11,0.397,2026-01,D,False,False,False,False,False,D
2026-01-07,D-02,480,480,0,정상가동,830,779,314.8,2026-01-07,100.0,0.0,51,93.86,6.14,103.75,97.38,0.4041,2026-01,D,False,False,False,False,False,D
2026-01-07,D-01,480,425,55,설비고장,812,780,277.0,2026-01-07,88.54,11.46,32,96.06,3.94,114.64,110.12,0.3551,2026-01,D,False,False,False,False,False,C
2026-01-07,C-03,480,430,50,예방보전,789,771,278.0,2026-01-07,89.58,10.42,18,97.72,2.28,110.09,107.58,0.3606,2026-01,C,False,False,False,False,False,D
2026-01-07,C-02,480,451,29,설비고장,661,614,342.3,2026-01-07,93.96,6.04,47,92.89,7.11,87.94,81.69,0.5575,2026-01,C,False,False,True,False,True,D
2026-01-07,C-01,480,383,97,설비고장,677,611,231.9,2026-01-07,79.79,20.21,66,90.25,9.75,106.06,95.72,0.3795,2026-01,C,True,True,False,True,True,D
2026-01-07,B-02,480,454,26,설비고장,747,722,263.5,2026-01-07,94.58,5.42,25,96.65,3.35,98.72,95.42,0.365,2026-01,B,False,False,False,False,False,D
2026-01-07,B-01,480,480,0,정상가동,828,824,322.8,2026-01-07,100.0,0.0,4,99.52,0.48,103.5,103.0,0.3917,2026-01,B,False,False,False,False,False,D
2026-01-07,A-03,480,443,37,자재대기,856,840,267.7,2026-01-07,92.29,7.71,16,98.13,1.87,115.94,113.77,0.3187,2026-01,A,False,False,False,False,False,A
2026-01-07,A-02,480,480,0,정상가동,863,807,274.2,2026-01-07,100.0,0.0,56,93.51,6.49,107.88,100.88,0.3398,2026-01,A,False,False,False,False,False,C
2026-01-07,A-01,480,422,58,자재대기,825,783,227.8,2026-01-07,87.92,12.08,42,94.91,5.09,117.3,111.33,0.2909,2026-01,A,False,False,False,False,False,C
2026-01-07,B-03,480,407,73,금형교체,756,730,257.0,2026-01-07,84.79,15.21,26,96.56,3.44,111.45,107.62,0.3521,2026-01,B,False,False,False,False,False,D
2026-01-08,C-02,480,375,105,금형교체,703,686,239.5,2026-01-08,78.12,21.88,17,97.58,2.42,112.48,109.76,0.3491,2026-01,C,True,False,False,True,True,D
2026-01-08,D-03,480,435,45,품질조정,763,738,287.0,2026-01-08,90.62,9.38,25,96.72,3.28,105.24,101.79,0.3889,2026-01,D,False,False,False,False,False,D
2026-01-08,D-02,480,430,50,자재대기,688,658,249.2,2026-01-08,89.58,10.42,30,95.64,4.36,96.0,91.81,0.3787,2026-01,D,False,False,False,False,False,D
2026-01-08,D-01,480,461,19,예방보전,896,889,282.2,2026-01-08,96.04,3.96,7,99.22,0.78,116.62,115.7,0.3174,2026-01,D,False,False,False,False,False,A
2026-01-08,C-03,480,393,87,설비고장,721,673,272.3,2026-01-08,81.88,18.12,48,93.34,6.66,110.08,102.75,0.4046,2026-01,C,False,False,False,False,False,D
2026-01-08,C-01,480,429,51,설비고장,656,610,263.1,2026-01-08,89.38,10.62,46,92.99,7.01,91.75,85.31,0.4313,2026-01,C,False,False,True,False,True,D
2026-01-08,A-03,480,462,18,품질조정,839,819,302.8,2026-01-08,96.25,3.75,20,97.62,2.38,108.96,106.36,0.3697,2026-01,A,False,False,False,False,False,D
2026-01-08,B-02,480,415,65,품질조정,778,771,262.4,2026-01-08,86.46,13.54,7,99.1,0.9,112.48,111.47,0.3403,2026-01,B,False,False,False,False,False,C
2026-01-08,B-01,480,416,64,품질조정,745,738,250.4,2026-01-08,86.67,13.33,7,99.06,0.94,107.45,106.44,0.3393,2026-01,B,False,False,False,False,False,C
2026-01-08,B-03,480,398,82,금형교체,725,688,240.0,2026-01-08,82.92,17.08,37,94.9,5.1,109.3,103.72,0.3488,2026-01,B,False,False,False,False,False,D
2026-01-08,A-02,480,448,32,예방보전,831,798,264.4,2026-01-08,93.33,6.67,33,96.03,3.97,111.29,106.88,0.3313,2026-01,A,False,False,False,False,False,B
2026-01-08,A-01,480,466,14,품질조정,870,869,309.7,2026-01-08,97.08,2.92,1,99.89,0.11,112.02,111.89,0.3564,2026-01,A,False,False,False,False,False,C
2026-01-09,D-02,480,417,63,품질조정,841,816,278.3,2026-01-09,86.88,13.12,25,97.03,2.97,121.01,117.41,0.3411,2026-01,D,False,False,False,False,False,C
2026-01-09,D-01,480,395,85,설비고장,723,701,254.5,2026-01-09,82.29,17.71,22,96.96,3.04,109.82,106.48,0.3631,2026-01,D,False,False,False,False,False,D
2026-01-09,C-03,480,404,76,설비고장,823,776,265.8,2026-01-09,84.17,15.83,47,94.29,5.71,122.23,115.25,0.3425,2026-01,C,False,False,False,False,False,D
2026-01-09,C-02,480,363,117,예방보전,648,608,217.6,2026-01-09,75.62,24.38,40,93.83,6.17,107.11,100.5,0.3579,2026-01,C,True,False,False,True,True,D
2026-01-09,C-01,480,374,106,품질조정,655,632,218.4,2026-01-09,77.92,22.08,23,96.49,3.51,105.08,101.39,0.3456,2026-01,C,True,False,False,True,True,D
2026-01-09,D-03,480,442,38,금형교체,862,844,288.2,2026-01-09,92.08,7.92,18,97.91,2.09,117.01,114.57,0.3415,2026-01,D,False,False,False,False,False,B
2026-01-09,B-02,480,420,60,설비고장,746,745,259.3,2026-01-09,87.5,12.5,1,99.87,0.13,106.57,106.43,0.3481,2026-01,B,False,False,False,False,False,C
2026-01-09,B-01,480,425,55,금형교체,816,795,243.8,2026-01-09,88.54,11.46,21,97.43,2.57,115.2,112.24,0.3067,2026-01,B,False,False,False,False,False,B
2026-01-09,A-03,480,445,35,품질조정,827,786,274.0,2026-01-09,92.71,7.29,41,95.04,4.96,111.51,105.98,0.3486,2026-01,A,False,False,False,False,False,B
2026-01-09,A-02,480,451,29,품질조정,696,678,240.9,2026-01-09,93.96,6.04,18,97.41,2.59,92.59,90.2,0.3553,2026-01,A,False,False,False,False,False,C
2026-01-09,A-01,480,437,43,설비고장,750,730,292.1,2026-01-09,91.04,8.96,20,97.33,2.67,102.97,100.23,0.4001,2026-01,A,False,False,False,False,False,D
2026-01-09,B-03,480,406,74,설비고장,673,636,265.5,2026-01-09,84.58,15.42,37,94.5,5.5,99.46,93.99,0.4175,2026-01,B,False,False,True,False,True,D
2026-01-10,D-03,480,471,9,설비고장,900,899,276.6,2026-01-10,98.12,1.88,1,99.89,0.11,114.65,114.52,0.3077,2026-01,D,False,False,False,False,False,A
2026-01-10,D-02,480,442,38,예방보전,792,775,252.8,2026-01-10,92.08,7.92,17,97.85,2.15,107.51,105.2,0.3262,2026-01,D,False,False,False,False,False,A
2026-01-10,D-01,480,473,7,예방보전,816,794,297.9,2026-01-10,98.54,1.46,22,97.3,2.7,103.51,100.72,0.3752,2026-01,D,False,False,False,False,False,D
2026-01-10,C-03,480,403,77,금형교체,748,694,213.3,2026-01-10,83.96,16.04,54,92.78,7.22,111.36,103.33,0.3073,2026-01,C,False,False,False,False,False,D
2026-01-10,C-02,480,428,52,자재대기,857,755,263.7,2026-01-10,89.17,10.83,102,88.1,11.9,120.14,105.84,0.3493,2026-01,C,False,True,False,False,True,D
2026-01-10,C-01,480,404,76,자재대기,718,674,245.9,2026-01-10,84.17,15.83,44,93.87,6.13,106.63,100.1,0.3648,2026-01,C,False,False,False,False,False,D
2026-01-10,B-03,480,419,61,금형교체,779,748,259.0,2026-01-10,87.29,12.71,31,96.02,3.98,111.55,107.11,0.3463,2026-01,B,False,False,False,False,False,C
2026-01-10,B-01,480,471,9,금형교체,883,856,346.3,2026-01-10,98.12,1.88,27,96.94,3.06,112.48,109.04,0.4046,2026-01,B,False,False,False,False,False,D
2026-01-10,A-03,480,467,13,품질조정,780,769,268.7,2026-01-10,97.29,2.71,11,98.59,1.41,100.21,98.8,0.3494,2026-01,A,False,False,False,False,False,B
2026-01-10,A-02,480,435,45,자재대기,827,826,242.7,2026-01-10,90.62,9.38,1,99.88,0.12,114.07,113.93,0.2938,2026-01,A,False,False,False,False,False,B
2026-01-10,A-01,480,450,30,예방보전,864,863,279.2,2026-01-10,93.75,6.25,1,99.88,0.12,115.2,115.07,0.3235,2026-01,A,False,False,False,False,False,A
2026-01-10,B-02,480,385,95,자재대기,708,663,216.0,2026-01-10,80.21,19.79,45,93.64,6.36,110.34,103.32,0.3258,2026-01,B,False,False,False,True,True,D
2026-01-11,C-02,480,376,104,금형교체,664,633,230.4,2026-01-11,78.33,21.67,31,95.33,4.67,105.96,101.01,0.364,2026-01,C,True,False,False,True,True,D
2026-01-11,D-02,480,419,61,예방보전,812,792,280.2,2026-01-11,87.29,12.71,20,97.54,2.46,116.28,113.41,0.3538,2026-01,D,False,False,False,False,False,C
2026-01-11,D-01,480,435,45,예방보전,768,763,264.8,2026-01-11,90.62,9.38,5,99.35,0.65,105.93,105.24,0.3471,2026-01,D,False,False,False,False,False,B
2026-01-11,C-03,480,460,20,자재대기,973,925,272.4,2026-01-11,95.83,4.17,48,95.07,4.93,126.91,120.65,0.2945,2026-01,C,False,False,False,False,False,B
2026-01-11,C-01,480,446,34,자재대기,894,839,274.6,2026-01-11,92.92,7.08,55,93.85,6.15,120.27,112.87,0.3273,2026-01,C,False,False,False,False,False,C
2026-01-11,D-03,480,465,15,품질조정,961,929,319.8,2026-01-11,96.88,3.12,32,96.67,3.33,124.0,119.87,0.3442,2026-01,D,False,False,False,False,False,B
2026-01-11,B-02,480,430,50,자재대기,768,759,233.8,2026-01-11,89.58,10.42,9,98.83,1.17,107.16,105.91,0.308,2026-01,B,False,False,False,False,False,B
2026-01-11,A-01,480,421,59,예방보전,770,763,286.7,2026-01-11,87.71,12.29,7,99.09,0.91,109.74,108.74,0.3758,2026-01,A,False,False,False,False,False,D
2026-01-11,A-02,480,459,21,예방보전,870,869,295.2,2026-01-11,95.62,4.38,1,99.89,0.11,113.73,113.59,0.3397,2026-01,A,False,False,False,False,False,A
2026-01-11,B-03,480,426,54,설비고장,704,681,212.1,2026-01-11,88.75,11.25,23,96.73,3.27,99.15,95.92,0.3115,2026-01,B,False,False,False,False,False,B
2026-01-11,B-01,480,462,18,품질조정,877,839,252.3,2026-01-11,96.25,3.75,38,95.67,4.33,113.9,108.96,0.3007,2026-01,B,False,False,False,False,False,B
2026-01-11,A-03,480,480,0,정상가동,852,832,326.0,2026-01-11,100.0,0.0,20,97.65,2.35,106.5,104.0,0.3918,2026-01,A,False,False,False,False,False,D
2026-01-12,D-03,480,397,83,품질조정,788,765,250.7,2026-01-12,82.71,17.29,23,97.08,2.92,119.09,115.62,0.3277,2026-01,D,False,False,False,False,False,D
2026-01-12,D-02,480,464,16,금형교체,807,772,295.4,2026-01-12,96.67,3.33,35,95.66,4.34,104.35,99.83,0.3826,2026-01,D,False,False,False,False,False,D
2026-01-12,D-01,480,441,39,품질조정,846,810,267.4,2026-01-12,91.88,8.12,36,95.74,4.26,115.1,110.2,0.3301,2026-01,D,False,False,False,False,False,B
2026-01-12,C-03,480,422,58,자재대기,771,729,281.6,2026-01-12,87.92,12.08,42,94.55,5.45,109.62,103.65,0.3863,2026-01,C,False,False,False,False,False,D
2026-01-12,C-01,480,347,133,품질조정,668,607,234.6,2026-01-12,72.29,27.71,61,90.87,9.13,115.5,104.96,0.3865,2026-01,C,True,True,False,True,True,D
2026-01-12,C-02,480,388,92,품질조정,654,571,252.4,2026-01-12,80.83,19.17,83,87.31,12.69,101.13,88.3,0.442,2026-01,C,False,True,True,True,True,D
2026-01-12,B-02,480,447,33,품질조정,902,887,294.3,2026-01-12,93.12,6.88,15,98.34,1.66,121.07,119.06,0.3318,2026-01,B,False,False,False,False,False,A
2026-01-12,B-01,480,428,52,금형교체,842,823,262.9,2026-01-12,89.17,10.83,19,97.74,2.26,118.04,115.37,0.3194,2026-01,B,False,False,False,False,False,B
2026-01-12,A-03,480,429,51,품질조정,768,733,297.1,2026-01-12,89.38,10.62,35,95.44,4.56,107.41,102.52,0.4053,2026-01,A,False,False,False,False,False,D
2026-01-12,A-02,480,470,10,품질조정,794,789,297.7,2026-01-12,97.92,2.08,5,99.37,0.63,101.36,100.72,0.3773,2026-01,A,False,False,False,False,False,D
2026-01-12,A-01,480,480,0,정상가동,957,946,336.1,2026-01-12,100.0,0.0,11,98.85,1.15,119.62,118.25,0.3553,2026-01,A,False,False,False,False,False,C
2026-01-12,B-03,480,373,107,설비고장,673,657,234.4,2026-01-12,77.71,22.29,16,97.62,2.38,108.26,105.68,0.3568,2026-01,B,True,False,False,True,True,D
2026-01-13,D-03,480,470,10,자재대기,882,844,281.7,2026-01-13,97.92,2.08,38,95.69,4.31,112.6,107.74,0.3338,2026-01,D,False,False,False,False,False,B
2026-01-13,D-02,480,430,50,설비고장,789,738,268.1,2026-01-13,89.58,10.42,51,93.54,6.46,110.09,102.98,0.3633,2026-01,D,False,False,False,False,False,D
2026-01-13,D-01,480,449,31,예방보전,857,852,272.3,2026-01-13,93.54,6.46,5,99.42,0.58,114.52,113.85,0.3196,2026-01,D,False,False,False,False,False,A
2026-01-13,C-03,480,402,78,설비고장,730,684,246.2,2026-01-13,83.75,16.25,46,93.7,6.3,108.96,102.09,0.3599,2026-01,C,False,False,False,False,False,D
2026-01-13,C-02,480,408,72,예방보전,766,712,261.1,2026-01-13,85.0,15.0,54,92.95,7.05,112.65,104.71,0.3667,2026-01,C,False,False,False,False,False,D
2026-01-13,C-01,480,411,69,품질조정,749,719,252.5,2026-01-13,85.62,14.37,30,95.99,4.01,109.34,104.96,0.3512,2026-01,C,False,False,False,False,False,C
2026-01-13,B-03,480,429,51,설비고장,724,723,271.1,2026-01-13,89.38,10.62,1,99.86,0.14,101.26,101.12,0.375,2026-01,B,False,False,False,False,False,D
2026-01-13,B-01,480,420,60,예방보전,794,774,266.2,2026-01-13,87.5,12.5,20,97.48,2.52,113.43,110.57,0.3439,2026-01,B,False,False,False,False,False,C
2026-01-13,A-03,480,417,63,예방보전,765,738,260.8,2026-01-13,86.88,13.12,27,96.47,3.53,110.07,106.19,0.3534,2026-01,A,False,False,False,False,False,C
2026-01-13,A-02,480,411,69,설비고장,713,688,234.1,2026-01-13,85.62,14.37,25,96.49,3.51,104.09,100.44,0.3403,2026-01,A,False,False,False,False,False,C
2026-01-13,A-01,480,434,46,예방보전,778,751,245.0,2026-01-13,90.42,9.58,27,96.53,3.47,107.56,103.82,0.3262,2026-01,A,False,False,False,False,False,B
2026-01-13,B-02,480,449,31,예방보전,833,802,267.9,2026-01-13,93.54,6.46,31,96.28,3.72,111.31,107.17,0.334,2026-01,B,False,False,False,False,False,B
2026-01-14,D-03,480,456,24,품질조정,835,805,279.2,2026-01-14,95.0,5.0,30,96.41,3.59,109.87,105.92,0.3468,2026-01,D,False,False,False,False,False,B
2026-01-14,D-02,480,466,14,예방보전,843,833,278.1,2026-01-14,97.08,2.92,10,98.81,1.19,108.54,107.25,0.3339,2026-01,D,False,False,False,False,False,A
2026-01-14,D-01,480,423,57,금형교체,748,705,242.0,2026-01-14,88.12,11.88,43,94.25,5.75,106.1,100.0,0.3433,2026-01,D,False,False,False,False,False,C
2026-01-14,C-03,480,449,31,금형교체,891,840,283.2,2026-01-14,93.54,6.46,51,94.28,5.72,119.06,112.25,0.3371,2026-01,C,False,False,False,False,False,C
2026-01-14,C-02,480,411,69,자재대기,719,691,229.6,2026-01-14,85.62,14.37,28,96.11,3.89,104.96,100.88,0.3323,2026-01,C,False,False,False,False,False,C
2026-01-14,C-01,480,363,117,예방보전,673,624,233.5,2026-01-14,75.62,24.38,49,92.72,7.28,111.24,103.14,0.3742,2026-01,C,True,False,False,True,True,D
2026-01-14,B-03,480,435,45,품질조정,859,847,279.7,2026-01-14,90.62,9.38,12,98.6,1.4,118.48,116.83,0.3302,2026-01,B,False,False,False,False,False,B
2026-01-14,B-01,480,442,38,설비고장,800,757,290.9,2026-01-14,92.08,7.92,43,94.62,5.38,108.6,102.76,0.3843,2026-01,B,False,False,False,False,False,D
2026-01-14,A-03,480,428,52,품질조정,676,671,257.2,2026-01-14,89.17,10.83,5,99.26,0.74,94.77,94.07,0.3833,2026-01,A,False,False,False,False,False,D
2026-01-14,A-02,480,428,52,예방보전,823,789,280.7,2026-01-14,89.17,10.83,34,95.87,4.13,115.37,110.61,0.3558,2026-01,A,False,False,False,False,False,C
2026-01-14,A-01,480,444,36,금형교체,817,795,262.3,2026-01-14,92.5,7.5,22,97.31,2.69,110.41,107.43,0.3299,2026-01,A,False,False,False,False,False,A
2026-01-14,B-02,480,438,42,설비고장,814,776,320.5,2026-01-14,91.25,8.75,38,95.33,4.67,111.51,106.3,0.413,2026-01,B,False,False,True,False,True,D
2026-01-15,C-02,480,364,116,설비고장,728,712,228.1,2026-01-15,75.83,24.17,16,97.8,2.2,120.0,117.36,0.3204,2026-01,C,True,False,False,True,True,D
2026-01-15,D-03,480,449,31,금형교체,861,797,270.5,2026-01-15,93.54,6.46,64,92.57,7.43,115.06,106.5,0.3394,2026-01,D,False,False,False,False,False,C
2026-01-15,D-02,480,445,35,품질조정,861,803,277.9,2026-01-15,92.71,7.29,58,93.26,6.74,116.09,108.27,0.3461,2026-01,D,False,False,False,False,False,C
2026-01-15,D-01,480,383,97,금형교체,805,791,262.0,2026-01-15,79.79,20.21,14,98.26,1.74,126.11,123.92,0.3312,2026-01,D,True,False,False,True,True,D
2026-01-15,C-01,480,417,63,예방보전,751,714,279.4,2026-01-15,86.88,13.12,37,95.07,4.93,108.06,102.73,0.3913,2026-01,C,False,False,False,False,False,D
2026-01-15,C-03,480,382,98,금형교체,721,676,248.3,2026-01-15,79.58,20.42,45,93.76,6.24,113.25,106.18,0.3673,2026-01,C,True,False,False,True,True,D
2026-01-15,B-02,480,446,34,자재대기,798,780,275.0,2026-01-15,92.92,7.08,18,97.74,2.26,107.35,104.93,0.3526,2026-01,B,False,False,False,False,False,C
2026-01-15,B-01,480,480,0,정상가동,948,892,316.9,2026-01-15,100.0,0.0,56,94.09,5.91,118.5,111.5,0.3553,2026-01,B,False,False,False,False,False,C
2026-01-15,B-03,480,416,64,예방보전,848,807,271.5,2026-01-15,86.67,13.33,41,95.17,4.83,122.31,116.39,0.3364,2026-01,B,False,False,False,False,False,C
2026-01-15,A-03,480,441,39,예방보전,790,789,253.8,2026-01-15,91.88,8.12,1,99.87,0.13,107.48,107.35,0.3217,2026-01,A,False,False,False,False,False,B
2026-01-15,A-02,480,463,17,예방보전,871,811,278.2,2026-01-15,96.46,3.54,60,93.11,6.89,112.87,105.1,0.343,2026-01,A,False,False,False,False,False,C
2026-01-15,A-01,480,455,25,품질조정,931,908,288.9,2026-01-15,94.79,5.21,23,97.53,2.47,122.77,119.74,0.3182,2026-01,A,False,False,False,False,False,A
2026-01-16,D-02,480,480,0,정상가동,852,818,279.1,2026-01-16,100.0,0.0,34,96.01,3.99,106.5,102.25,0.3412,2026-01,D,False,False,False,False,False,B
2026-01-16,D-01,480,428,52,설비고장,837,836,286.1,2026-01-16,89.17,10.83,1,99.88,0.12,117.34,117.2,0.3422,2026-01,D,False,False,False,False,False,B
2026-01-16,C-03,480,433,47,예방보전,852,803,236.8,2026-01-16,90.21,9.79,49,94.25,5.75,118.06,111.27,0.2949,2026-01,C,False,False,False,False,False,C
2026-01-16,C-02,480,368,112,자재대기,684,639,231.9,2026-01-16,76.67,23.33,45,93.42,6.58,111.52,104.18,0.3629,2026-01,C,True,False,False,True,True,D
2026-01-16,C-01,480,397,83,예방보전,735,687,243.8,2026-01-16,82.71,17.29,48,93.47,6.53,111.08,103.83,0.3549,2026-01,C,False,False,False,False,False,D
2026-01-16,D-03,480,408,72,자재대기,807,793,243.1,2026-01-16,85.0,15.0,14,98.27,1.73,118.68,116.62,0.3066,2026-01,D,False,False,False,False,False,C
2026-01-16,B-02,480,454,26,예방보전,915,914,275.4,2026-01-16,94.58,5.42,1,99.89,0.11,120.93,120.79,0.3013,2026-01,B,False,False,False,False,False,A
2026-01-16,B-01,480,414,66,품질조정,794,764,274.2,2026-01-16,86.25,13.75,30,96.22,3.78,115.07,110.72,0.3589,2026-01,B,False,False,False,False,False,C
2026-01-16,A-03,480,428,52,예방보전,720,709,249.3,2026-01-16,89.17,10.83,11,98.47,1.53,100.93,99.39,0.3516,2026-01,A,False,False,False,False,False,C
2026-01-16,A-02,480,475,5,품질조정,820,776,277.7,2026-01-16,98.96,1.04,44,94.63,5.37,103.58,98.02,0.3579,2026-01,A,False,False,False,False,False,C
2026-01-16,A-01,480,390,90,품질조정,788,751,246.3,2026-01-16,81.25,18.75,37,95.3,4.7,121.23,115.54,0.328,2026-01,A,False,False,False,False,False,D
2026-01-16,B-03,480,443,37,설비고장,823,783,283.1,2026-01-16,92.29,7.71,40,95.14,4.86,111.47,106.05,0.3616,2026-01,B,False,False,False,False,False,D
2026-01-17,D-03,480,410,70,예방보전,718,680,228.8,2026-01-17,85.42,14.58,38,94.71,5.29,105.07,99.51,0.3365,2026-01,D,False,False,False,False,False,C
2026-01-17,D-02,480,385,95,품질조정,688,666,233.9,2026-01-17,80.21,19.79,22,96.8,3.2,107.22,103.79,0.3512,2026-01,D,False,False,False,True,True,D
2026-01-17,D-01,480,469,11,설비고장,733,700,255.8,2026-01-17,97.71,2.29,33,95.5,4.5,93.77,89.55,0.3654,2026-01,D,False,False,False,False,False,D
2026-01-17,C-03,480,431,49,설비고장,898,851,279.1,2026-01-17,89.79,10.21,47,94.77,5.23,125.01,118.47,0.328,2026-01,C,False,False,False,False,False,C
2026-01-17,C-02,480,368,112,품질조정,663,613,223.8,2026-01-17,76.67,23.33,50,92.46,7.54,108.1,99.95,0.3651,2026-01,C,True,False,False,True,True,D
2026-01-17,C-01,480,394,86,품질조정,761,721,200.2,2026-01-17,82.08,17.92,40,94.74,5.26,115.89,109.8,0.2777,2026-01,C,False,False,False,False,False,D
2026-01-17,B-03,480,442,38,금형교체,850,845,282.3,2026-01-17,92.08,7.92,5,99.41,0.59,115.38,114.71,0.3341,2026-01,B,False,False,False,False,False,A
2026-01-17,B-01,480,431,49,설비고장,768,742,258.4,2026-01-17,89.79,10.21,26,96.61,3.39,106.91,103.29,0.3482,2026-01,B,False,False,False,False,False,B
2026-01-17,A-03,480,415,65,자재대기,778,763,242.3,2026-01-17,86.46,13.54,15,98.07,1.93,112.48,110.31,0.3176,2026-01,A,False,False,False,False,False,C
2026-01-17,A-02,480,459,21,품질조정,774,755,300.1,2026-01-17,95.62,4.38,19,97.55,2.45,101.18,98.69,0.3975,2026-01,A,False,False,False,False,False,D
2026-01-17,A-01,480,440,40,설비고장,844,826,272.3,2026-01-17,91.67,8.33,18,97.87,2.13,115.09,112.64,0.3297,2026-01,A,False,False,False,False,False,B
2026-01-17,B-02,480,444,36,금형교체,823,775,240.2,2026-01-17,92.5,7.5,48,94.17,5.83,111.22,104.73,0.3099,2026-01,B,False,False,False,False,False,C
2026-01-18,C-02,480,446,34,설비고장,839,782,256.2,2026-01-18,92.92,7.08,57,93.21,6.79,112.87,105.2,0.3276,2026-01,C,False,False,False,False,False,C
2026-01-18,D-02,480,439,41,설비고장,831,819,261.0,2026-01-18,91.46,8.54,12,98.56,1.44,113.58,111.94,0.3187,2026-01,D,False,False,False,False,False,B
2026-01-18,D-01,480,465,15,설비고장,883,853,283.6,2026-01-18,96.88,3.12,30,96.6,3.4,113.94,110.06,0.3325,2026-01,D,False,False,False,False,False,B
2026-01-18,C-03,480,460,20,금형교체,939,849,303.2,2026-01-18,95.83,4.17,90,90.42,9.58,122.48,110.74,0.3571,2026-01,C,False,True,False,False,True,D
2026-01-18,C-01,480,362,118,자재대기,727,684,201.5,2026-01-18,75.42,24.58,43,94.09,5.91,120.5,113.37,0.2946,2026-01,C,True,False,False,True,True,D
2026-01-18,D-03,480,480,0,정상가동,846,822,281.0,2026-01-18,100.0,0.0,24,97.16,2.84,105.75,102.75,0.3418,2026-01,D,False,False,False,False,False,B
2026-01-18,B-02,480,438,42,설비고장,771,768,273.3,2026-01-18,91.25,8.75,3,99.61,0.39,105.62,105.21,0.3559,2026-01,B,False,False,False,False,False,C
2026-01-18,A-01,480,475,5,예방보전,999,976,269.0,2026-01-18,98.96,1.04,23,97.7,2.3,126.19,123.28,0.2756,2026-01,A,False,False,False,False,False,A
2026-01-18,A-02,480,422,58,설비고장,756,755,266.1,2026-01-18,87.92,12.08,1,99.87,0.13,107.49,107.35,0.3525,2026-01,A,False,False,False,False,False,C
2026-01-18,B-03,480,442,38,품질조정,766,743,286.8,2026-01-18,92.08,7.92,23,97.0,3.0,103.98,100.86,0.386,2026-01,B,False,False,False,False,False,D
2026-01-18,B-01,480,383,97,금형교체,708,706,213.0,2026-01-18,79.79,20.21,2,99.72,0.28,110.91,110.6,0.3017,2026-01,B,True,False,False,True,True,D
2026-01-18,A-03,480,400,80,금형교체,687,658,241.1,2026-01-18,83.33,16.67,29,95.78,4.22,103.05,98.7,0.3664,2026-01,A,False,False,False,False,False,D
2026-01-19,D-03,480,457,23,금형교체,869,836,268.3,2026-01-19,95.21,4.79,33,96.2,3.8,114.09,109.76,0.3209,2026-01,D,False,False,False,False,False,B
2026-01-19,D-02,480,405,75,품질조정,815,797,243.1,2026-01-19,84.38,15.62,18,97.79,2.21,120.74,118.07,0.305,2026-01,D,False,False,False,False,False,D
2026-01-19,D-01,480,424,56,금형교체,706,673,296.4,2026-01-19,88.33,11.67,33,95.33,4.67,99.91,95.24,0.4404,2026-01,D,False,False,True,False,True,D
2026-01-19,C-03,480,394,86,금형교체,710,672,216.0,2026-01-19,82.08,17.92,38,94.65,5.35,108.12,102.34,0.3214,2026-01,C,False,False,False,False,False,D
2026-01-19,C-01,480,427,53,금형교체,809,779,266.6,2026-01-19,88.96,11.04,30,96.29,3.71,113.68,109.46,0.3422,2026-01,C,False,False,False,False,False,B
2026-01-19,C-02,480,390,90,품질조정,743,693,248.7,2026-01-19,81.25,18.75,50,93.27,6.73,114.31,106.62,0.3589,2026-01,C,False,False,False,False,False,D
2026-01-19,B-02,480,480,0,정상가동,867,862,259.0,2026-01-19,100.0,0.0,5,99.42,0.58,108.38,107.75,0.3005,2026-01,B,False,False,False,False,False,A
2026-01-19,B-01,480,438,42,예방보전,871,846,278.5,2026-01-19,91.25,8.75,25,97.13,2.87,119.32,115.89,0.3292,2026-01,B,False,False,False,False,False,B
2026-01-19,A-03,480,395,85,자재대기,663,648,248.0,2026-01-19,82.29,17.71,15,97.74,2.26,100.71,98.43,0.3827,2026-01,A,False,False,False,False,False,D
2026-01-19,A-02,480,468,12,자재대기,922,915,254.0,2026-01-19,97.5,2.5,7,99.24,0.76,118.21,117.31,0.2776,2026-01,A,False,False,False,False,False,A
2026-01-19,A-01,480,433,47,자재대기,842,811,266.3,2026-01-19,90.21,9.79,31,96.32,3.68,116.67,112.38,0.3284,2026-01,A,False,False,False,False,False,B
2026-01-19,B-03,480,460,20,자재대기,854,853,317.8,2026-01-19,95.83,4.17,1,99.88,0.12,111.39,111.26,0.3726,2026-01,B,False,False,False,False,False,D
2026-01-20,D-03,480,443,37,품질조정,875,843,246.2,2026-01-20,92.29,7.71,32,96.34,3.66,118.51,114.18,0.2921,2026-01,D,False,False,False,False,False,B
2026-01-20,D-02,480,424,56,금형교체,830,811,264.2,2026-01-20,88.33,11.67,19,97.71,2.29,117.45,114.76,0.3258,2026-01,D,False,False,False,False,False,B
2026-01-20,D-01,480,473,7,예방보전,875,872,292.3,2026-01-20,98.54,1.46,3,99.66,0.34,110.99,110.61,0.3352,2026-01,D,False,False,False,False,False,A
2026-01-20,C-03,480,379,101,예방보전,760,694,282.1,2026-01-20,78.96,21.04,66,91.32,8.68,120.32,109.87,0.4065,2026-01,C,True,True,False,True,True,D
2026-01-20,C-02,480,440,40,예방보전,747,692,252.0,2026-01-20,91.67,8.33,55,92.64,7.36,101.86,94.36,0.3642,2026-01,C,False,False,False,False,False,D
2026-01-20,C-01,480,397,83,예방보전,728,693,274.0,2026-01-20,82.71,17.29,35,95.19,4.81,110.03,104.74,0.3954,2026-01,C,False,False,False,False,False,D
2026-01-20,B-03,480,456,24,자재대기,889,876,261.8,2026-01-20,95.0,5.0,13,98.54,1.46,116.97,115.26,0.2989,2026-01,B,False,False,False,False,False,A
2026-01-20,B-01,480,413,67,자재대기,748,698,296.4,2026-01-20,86.04,13.96,50,93.32,6.68,108.67,101.4,0.4246,2026-01,B,False,False,True,False,True,D
2026-01-20,A-03,480,460,20,예방보전,783,744,297.8,2026-01-20,95.83,4.17,39,95.02,4.98,102.13,97.04,0.4003,2026-01,A,False,False,False,False,False,D
2026-01-20,A-02,480,464,16,설비고장,843,824,271.6,2026-01-20,96.67,3.33,19,97.75,2.25,109.01,106.55,0.3296,2026-01,A,False,False,False,False,False,A
2026-01-20,A-01,480,477,3,예방보전,962,961,272.0,2026-01-20,99.38,0.62,1,99.9,0.1,121.01,120.88,0.283,2026-01,A,False,False,False,False,False,A
2026-01-20,B-02,480,480,0,정상가동,907,857,313.5,2026-01-20,100.0,0.0,50,94.49,5.51,113.38,107.12,0.3658,2026-01,B,False,False,False,False,False,D
2026-01-21,D-03,480,480,0,정상가동,844,804,301.6,2026-01-21,100.0,0.0,40,95.26,4.74,105.5,100.5,0.3751,2026-01,D,False,False,False,False,False,D
2026-01-21,D-02,480,420,60,품질조정,758,733,255.3,2026-01-21,87.5,12.5,25,96.7,3.3,108.29,104.71,0.3483,2026-01,D,False,False,False,False,False,C
2026-01-21,D-01,480,480,0,정상가동,859,826,281.6,2026-01-21,100.0,0.0,33,96.16,3.84,107.38,103.25,0.3409,2026-01,D,False,False,False,False,False,B
2026-01-21,C-03,480,430,50,설비고장,863,813,276.3,2026-01-21,89.58,10.42,50,94.21,5.79,120.42,113.44,0.3399,2026-01,C,False,False,False,False,False,C
2026-01-21,C-02,480,397,83,금형교체,766,710,215.2,2026-01-21,82.71,17.29,56,92.69,7.31,115.77,107.3,0.3031,2026-01,C,False,False,False,False,False,D
2026-01-21,C-01,480,378,102,설비고장,734,698,227.8,2026-01-21,78.75,21.25,36,95.1,4.9,116.51,110.79,0.3264,2026-01,C,True,False,False,True,True,D
2026-01-21,B-03,480,438,42,자재대기,742,727,255.7,2026-01-21,91.25,8.75,15,97.98,2.02,101.64,99.59,0.3517,2026-01,B,False,False,False,False,False,C
2026-01-21,B-01,480,423,57,예방보전,746,728,261.7,2026-01-21,88.12,11.88,18,97.59,2.41,105.82,103.26,0.3595,2026-01,B,False,False,False,False,False,C
2026-01-21,A-03,480,407,73,자재대기,670,663,225.4,2026-01-21,84.79,15.21,7,98.96,1.04,98.77,97.74,0.34,2026-01,A,False,False,False,False,False,D
2026-01-21,A-02,480,421,59,예방보전,827,807,287.9,2026-01-21,87.71,12.29,20,97.58,2.42,117.86,115.01,0.3568,2026-01,A,False,False,False,False,False,C
2026-01-21,A-01,480,461,19,설비고장,753,723,276.1,2026-01-21,96.04,3.96,30,96.02,3.98,98.0,94.1,0.3819,2026-01,A,False,False,False,False,False,D
2026-01-21,B-02,480,480,0,정상가동,863,862,360.1,2026-01-21,100.0,0.0,1,99.88,0.12,107.88,107.75,0.4177,2026-01,B,False,False,True,False,True,D
2026-01-22,C-02,480,372,108,예방보전,717,663,229.5,2026-01-22,77.5,22.5,54,92.47,7.53,115.65,106.94,0.3462,2026-01,C,True,False,False,True,True,D
2026-01-22,D-02,480,461,19,설비고장,838,813,267.0,2026-01-22,96.04,3.96,25,97.02,2.98,109.07,105.81,0.3284,2026-01,D,False,False,False,False,False,A
2026-01-22,D-01,480,438,42,자재대기,836,834,254.5,2026-01-22,91.25,8.75,2,99.76,0.24,114.52,114.25,0.3052,2026-01,D,False,False,False,False,False,B
2026-01-22,C-03,480,385,95,설비고장,762,691,235.7,2026-01-22,80.21,19.79,71,90.68,9.32,118.75,107.69,0.3411,2026-01,C,False,True,False,True,True,D
2026-01-22,C-01,480,396,84,설비고장,789,724,272.6,2026-01-22,82.5,17.5,65,91.76,8.24,119.55,109.7,0.3765,2026-01,C,False,True,False,False,True,D
2026-01-22,D-03,480,421,59,자재대기,800,793,253.3,2026-01-22,87.71,12.29,7,99.12,0.88,114.01,113.02,0.3194,2026-01,D,False,False,False,False,False,C
2026-01-22,B-02,480,450,30,품질조정,841,838,266.3,2026-01-22,93.75,6.25,3,99.64,0.36,112.13,111.73,0.3178,2026-01,B,False,False,False,False,False,A
2026-01-22,A-01,480,442,38,자재대기,796,749,307.5,2026-01-22,92.08,7.92,47,94.1,5.9,108.05,101.67,0.4105,2026-01,A,False,False,True,False,True,D
2026-01-22,A-02,480,399,81,설비고장,781,748,233.2,2026-01-22,83.12,16.88,33,95.77,4.23,117.44,112.48,0.3118,2026-01,A,False,False,False,False,False,D
2026-01-22,B-03,480,431,49,금형교체,858,831,286.9,2026-01-22,89.79,10.21,27,96.85,3.15,119.44,115.68,0.3452,2026-01,B,False,False,False,False,False,B
2026-01-22,B-01,480,432,48,자재대기,777,765,284.9,2026-01-22,90.0,10.0,12,98.46,1.54,107.92,106.25,0.3724,2026-01,B,False,False,False,False,False,D
2026-01-22,A-03,480,434,46,품질조정,773,727,263.8,2026-01-22,90.42,9.58,46,94.05,5.95,106.87,100.51,0.3629,2026-01,A,False,False,False,False,False,D
2026-01-23,D-03,480,429,51,설비고장,850,820,238.8,2026-01-23,89.38,10.62,30,96.47,3.53,118.88,114.69,0.2912,2026-01,D,False,False,False,False,False,B
2026-01-23,D-02,480,480,0,정상가동,850,846,262.4,2026-01-23,100.0,0.0,4,99.53,0.47,106.25,105.75,0.3102,2026-01,D,False,False,False,False,False,A
2026-01-23,D-01,480,460,20,금형교체,832,831,311.1,2026-01-23,95.83,4.17,1,99.88,0.12,108.52,108.39,0.3744,2026-01,D,False,False,False,False,False,D
2026-01-23,C-03,480,420,60,예방보전,817,775,234.4,2026-01-23,87.5,12.5,42,94.86,5.14,116.71,110.71,0.3025,2026-01,C,False,False,False,False,False,C
2026-01-23,C-01,480,389,91,금형교체,736,709,271.6,2026-01-23,81.04,18.96,27,96.33,3.67,113.52,109.36,0.3831,2026-01,C,False,False,False,True,True,D
2026-01-23,C-02,480,414,66,금형교체,745,700,260.1,2026-01-23,86.25,13.75,45,93.96,6.04,107.97,101.45,0.3716,2026-01,C,False,False,False,False,False,D
2026-01-23,B-02,480,466,14,자재대기,869,813,262.1,2026-01-23,97.08,2.92,56,93.56,6.44,111.89,104.68,0.3224,2026-01,B,False,False,False,False,False,C
2026-01-23,B-01,480,480,0,정상가동,854,836,295.5,2026-01-23,100.0,0.0,18,97.89,2.11,106.75,104.5,0.3535,2026-01,B,False,False,False,False,False,C
2026-01-23,A-03,480,414,66,품질조정,842,787,257.9,2026-01-23,86.25,13.75,55,93.47,6.53,122.03,114.06,0.3277,2026-01,A,False,False,False,False,False,C
2026-01-23,A-02,480,440,40,금형교체,867,831,282.7,2026-01-23,91.67,8.33,36,95.85,4.15,118.23,113.32,0.3402,2026-01,A,False,False,False,False,False,B
2026-01-23,A-01,480,407,73,설비고장,822,795,265.9,2026-01-23,84.79,15.21,27,96.72,3.28,121.18,117.2,0.3345,2026-01,A,False,False,False,False,False,D
2026-01-23,B-03,480,413,67,품질조정,815,807,222.0,2026-01-23,86.04,13.96,8,99.02,0.98,118.4,117.24,0.2751,2026-01,B,False,False,False,False,False,C
2026-01-24,D-03,480,437,43,예방보전,847,845,266.1,2026-01-24,91.04,8.96,2,99.76,0.24,116.29,116.02,0.3149,2026-01,D,False,False,False,False,False,B
2026-01-24,D-02,480,414,66,설비고장,825,824,239.6,2026-01-24,86.25,13.75,1,99.88,0.12,119.57,119.42,0.2908,2026-01,D,False,False,False,False,False,C
2026-01-24,D-01,480,428,52,예방보전,789,759,236.4,2026-01-24,89.17,10.83,30,96.2,3.8,110.61,106.4,0.3115,2026-01,D,False,False,False,False,False,B
2026-01-24,C-03,480,444,36,품질조정,742,695,296.4,2026-01-24,92.5,7.5,47,93.67,6.33,100.27,93.92,0.4265,2026-01,C,False,False,True,False,True,D
2026-01-24,C-01,480,384,96,자재대기,739,706,231.7,2026-01-24,80.0,20.0,33,95.53,4.47,115.47,110.31,0.3282,2026-01,C,False,False,False,True,True,D
2026-01-24,C-02,480,398,82,설비고장,786,747,261.3,2026-01-24,82.92,17.08,39,95.04,4.96,118.49,112.61,0.3498,2026-01,C,False,False,False,False,False,D
2026-01-24,B-02,480,433,47,설비고장,801,793,244.8,2026-01-24,90.21,9.79,8,99.0,1.0,110.99,109.88,0.3087,2026-01,B,False,False,False,False,False,B
2026-01-24,A-01,480,398,82,예방보전,767,750,274.7,2026-01-24,82.92,17.08,17,97.78,2.22,115.63,113.07,0.3663,2026-01,A,False,False,False,False,False,D
2026-01-24,A-02,480,480,0,정상가동,863,829,294.3,2026-01-24,100.0,0.0,34,96.06,3.94,107.88,103.62,0.355,2026-01,A,False,False,False,False,False,C
2026-01-24,B-03,480,446,34,금형교체,894,836,251.7,2026-01-24,92.92,7.08,58,93.51,6.49,120.27,112.47,0.3011,2026-01,B,False,False,False,False,False,C
2026-01-24,B-01,480,457,23,예방보전,840,839,281.2,2026-01-24,95.21,4.79,1,99.88,0.12,110.28,110.15,0.3352,2026-01,B,False,False,False,False,False,A
2026-01-24,A-03,480,395,85,자재대기,698,694,197.7,2026-01-24,82.29,17.71,4,99.43,0.57,106.03,105.42,0.2849,2026-01,A,False,False,False,False,False,D
2026-01-25,D-03,480,445,35,금형교체,835,834,272.0,2026-01-25,92.71,7.29,1,99.88,0.12,112.58,112.45,0.3261,2026-01,D,False,False,False,False,False,A
2026-01-25,D-02,480,464,16,설비고장,968,967,281.5,2026-01-25,96.67,3.33,1,99.9,0.1,125.17,125.04,0.2911,2026-01,D,False,False,False,False,False,A
2026-01-25,D-01,480,404,76,품질조정,756,745,215.2,2026-01-25,84.17,15.83,11,98.54,1.46,112.28,110.64,0.2889,2026-01,D,False,False,False,False,False,D
2026-01-25,C-03,480,388,92,품질조정,713,674,226.3,2026-01-25,80.83,19.17,39,94.53,5.47,110.26,104.23,0.3358,2026-01,C,False,False,False,True,True,D
2026-01-25,C-01,480,418,62,예방보전,796,721,208.0,2026-01-25,87.08,12.92,75,90.58,9.42,114.26,103.49,0.2885,2026-01,C,False,True,False,False,True,D
2026-01-25,C-02,480,469,11,설비고장,777,732,259.9,2026-01-25,97.71,2.29,45,94.21,5.79,99.4,93.65,0.3551,2026-01,C,False,False,False,False,False,C
2026-01-25,B-02,480,444,36,예방보전,825,805,295.7,2026-01-25,92.5,7.5,20,97.58,2.42,111.49,108.78,0.3673,2026-01,B,False,False,False,False,False,D
2026-01-25,B-01,480,419,61,설비고장,785,748,278.7,2026-01-25,87.29,12.71,37,95.29,4.71,112.41,107.11,0.3726,2026-01,B,False,False,False,False,False,D
2026-01-25,A-03,480,477,3,품질조정,896,874,298.9,2026-01-25,99.38,0.62,22,97.54,2.46,112.7,109.94,0.342,2026-01,A,False,False,False,False,False,B
2026-01-25,A-02,480,477,3,품질조정,818,799,251.3,2026-01-25,99.38,0.62,19,97.68,2.32,102.89,100.5,0.3145,2026-01,A,False,False,False,False,False,A
2026-01-25,A-01,480,463,17,금형교체,819,793,283.0,2026-01-25,96.46,3.54,26,96.83,3.17,106.13,102.76,0.3569,2026-01,A,False,False,False,False,False,C
2026-01-25,B-03,480,458,22,설비고장,850,844,317.5,2026-01-25,95.42,4.58,6,99.29,0.71,111.35,110.57,0.3762,2026-01,B,False,False,False,False,False,D
2026-01-26,D-03,480,410,70,설비고장,794,772,267.6,2026-01-26,85.42,14.58,22,97.23,2.77,116.2,112.98,0.3466,2026-01,D,False,False,False,False,False,C
2026-01-26,D-02,480,447,33,금형교체,856,813,250.7,2026-01-26,93.12,6.88,43,94.98,5.02,114.9,109.13,0.3084,2026-01,D,False,False,False,False,False,C
2026-01-26,D-01,480,447,33,자재대기,781,750,282.7,2026-01-26,93.12,6.88,31,96.03,3.97,104.83,100.67,0.3769,2026-01,D,False,False,False,False,False,D
2026-01-26,C-03,480,409,71,설비고장,705,656,226.9,2026-01-26,85.21,14.79,49,93.05,6.95,103.42,96.23,0.3459,2026-01,C,False,False,False,False,False,C
2026-01-26,C-02,480,413,67,예방보전,793,727,254.4,2026-01-26,86.04,13.96,66,91.68,8.32,115.21,105.62,0.3499,2026-01,C,False,True,False,False,True,D
2026-01-26,C-01,480,422,58,금형교체,786,725,220.4,2026-01-26,87.92,12.08,61,92.24,7.76,111.75,103.08,0.304,2026-01,C,False,False,False,False,False,C
2026-01-26,B-03,480,444,36,자재대기,850,846,276.8,2026-01-26,92.5,7.5,4,99.53,0.47,114.86,114.32,0.3272,2026-01,B,False,False,False,False,False,A
2026-01-26,B-01,480,429,51,품질조정,768,762,259.5,2026-01-26,89.38,10.62,6,99.22,0.78,107.41,106.57,0.3406,2026-01,B,False,False,False,False,False,B
2026-01-26,A-01,480,480,0,정상가동,986,948,250.2,2026-01-26,100.0,0.0,38,96.15,3.85,123.25,118.5,0.2639,2026-01,A,False,False,False,False,False,B
2026-01-26,B-02,480,437,43,설비고장,863,844,291.2,2026-01-26,91.04,8.96,19,97.8,2.2,118.49,115.88,0.345,2026-01,B,False,False,False,False,False,B
2026-01-26,A-03,480,436,44,예방보전,732,712,261.7,2026-01-26,90.83,9.17,20,97.27,2.73,100.73,97.98,0.3676,2026-01,A,False,False,False,False,False,D
2026-01-26,A-02,480,468,12,금형교체,794,777,289.0,2026-01-26,97.5,2.5,17,97.86,2.14,101.79,99.62,0.3719,2026-01,A,False,False,False,False,False,D
2026-01-27,D-03,480,437,43,자재대기,693,658,297.5,2026-01-27,91.04,8.96,35,94.95,5.05,95.15,90.34,0.4521,2026-01,D,False,False,True,False,True,D
2026-01-27,D-02,480,446,34,설비고장,862,861,313.5,2026-01-27,92.92,7.08,1,99.88,0.12,115.96,115.83,0.3641,2026-01,D,False,False,False,False,False,D
2026-01-27,D-01,480,457,23,자재대기,840,794,252.8,2026-01-27,95.21,4.79,46,94.52,5.48,110.28,104.25,0.3184,2026-01,D,False,False,False,False,False,C
2026-01-27,C-03,480,411,69,예방보전,637,608,273.1,2026-01-27,85.62,14.37,29,95.45,4.55,92.99,88.76,0.4492,2026-01,C,False,False,True,False,True,D
2026-01-27,B-03,480,463,17,설비고장,971,923,305.5,2026-01-27,96.46,3.54,48,95.06,4.94,125.83,119.61,0.331,2026-01,B,False,False,False,False,False,B
2026-01-27,C-02,480,366,114,설비고장,706,640,235.5,2026-01-27,76.25,23.75,66,90.65,9.35,115.74,104.92,0.368,2026-01,C,True,True,False,True,True,D
2026-01-27,B-01,480,413,67,자재대기,789,760,226.8,2026-01-27,86.04,13.96,29,96.32,3.68,114.62,110.41,0.2984,2026-01,B,False,False,False,False,False,C
2026-01-27,A-03,480,472,8,설비고장,858,819,310.8,2026-01-27,98.33,1.67,39,95.45,4.55,109.07,104.11,0.3795,2026-01,A,False,False,False,False,False,D
2026-01-27,A-02,480,462,18,품질조정,900,882,281.6,2026-01-27,96.25,3.75,18,98.0,2.0,116.88,114.55,0.3193,2026-01,A,False,False,False,False,False,A
2026-01-27,A-01,480,440,40,품질조정,840,823,261.4,2026-01-27,91.67,8.33,17,97.98,2.02,114.55,112.23,0.3176,2026-01,A,False,False,False,False,False,B
2026-01-27,B-02,480,391,89,자재대기,707,685,212.5,2026-01-27,81.46,18.54,22,96.89,3.11,108.49,105.12,0.3102,2026-01,B,False,False,False,False,False,D
2026-01-27,C-01,480,386,94,설비고장,675,609,231.0,2026-01-27,80.42,19.58,66,90.22,9.78,104.92,94.66,0.3793,2026-01,C,False,True,False,True,True,D
2026-01-28,C-01,480,385,95,설비고장,622,576,236.0,2026-01-28,80.21,19.79,46,92.6,7.4,96.94,89.77,0.4097,2026-01,C,False,False,True,True,True,D
2026-01-28,D-03,480,456,24,예방보전,806,776,300.3,2026-01-28,95.0,5.0,30,96.28,3.72,106.05,102.11,0.387,2026-01,D,False,False,False,False,False,D
2026-01-28,D-02,480,436,44,설비고장,835,826,303.8,2026-01-28,90.83,9.17,9,98.92,1.08,114.91,113.67,0.3678,2026-01,D,False,False,False,False,False,D
2026-01-28,D-01,480,425,55,금형교체,815,783,239.3,2026-01-28,88.54,11.46,32,96.07,3.93,115.06,110.54,0.3056,2026-01,D,False,False,False,False,False,B
2026-01-28,C-03,480,408,72,금형교체,763,710,236.0,2026-01-28,85.0,15.0,53,93.05,6.95,112.21,104.41,0.3324,2026-01,C,False,False,False,False,False,C
2026-01-28,C-02,480,437,43,금형교체,687,633,247.4,2026-01-28,91.04,8.96,54,92.14,7.86,94.32,86.91,0.3908,2026-01,C,False,False,False,False,False,D
2026-01-28,B-03,480,424,56,예방보전,863,827,240.6,2026-01-28,88.33,11.67,36,95.83,4.17,122.12,117.03,0.2909,2026-01,B,False,False,False,False,False,B
2026-01-28,B-01,480,422,58,설비고장,791,757,259.5,2026-01-28,87.92,12.08,34,95.7,4.3,112.46,107.63,0.3428,2026-01,B,False,False,False,False,False,C
2026-01-28,A-03,480,444,36,자재대기,768,733,296.8,2026-01-28,92.5,7.5,35,95.44,4.56,103.78,99.05,0.4049,2026-01,A,False,False,False,False,False,D
2026-01-28,A-02,480,453,27,예방보전,776,772,294.6,2026-01-28,94.38,5.62,4,99.48,0.52,102.78,102.25,0.3816,2026-01,A,False,False,False,False,False,D
2026-01-28,A-01,480,477,3,품질조정,827,809,273.5,2026-01-28,99.38,0.62,18,97.82,2.18,104.03,101.76,0.3381,2026-01,A,False,False,False,False,False,A
2026-01-28,B-02,480,475,5,품질조정,852,808,295.8,2026-01-28,98.96,1.04,44,94.84,5.16,107.62,102.06,0.3661,2026-01,B,False,False,False,False,False,D
2026-01-29,D-03,480,444,36,자재대기,850,816,280.3,2026-01-29,92.5,7.5,34,96.0,4.0,114.86,110.27,0.3435,2026-01,D,False,False,False,False,False,B
2026-01-29,D-02,480,480,0,정상가동,833,823,273.2,2026-01-29,100.0,0.0,10,98.8,1.2,104.12,102.88,0.332,2026-01,D,False,False,False,False,False,A
2026-01-29,D-01,480,424,56,설비고장,893,871,219.3,2026-01-29,88.33,11.67,22,97.54,2.46,126.37,123.25,0.2518,2026-01,D,False,False,False,False,False,B
2026-01-29,C-03,480,458,22,금형교체,819,783,255.6,2026-01-29,95.42,4.58,36,95.6,4.4,107.29,102.58,0.3264,2026-01,C,False,False,False,False,False,B
2026-01-29,C-02,480,405,75,예방보전,733,698,245.2,2026-01-29,84.38,15.62,35,95.23,4.77,108.59,103.41,0.3513,2026-01,C,False,False,False,False,False,D
2026-01-29,C-01,480,404,76,예방보전,794,761,228.6,2026-01-29,84.17,15.83,33,95.84,4.16,117.92,113.02,0.3004,2026-01,C,False,False,False,False,False,D
2026-01-29,B-03,480,413,67,설비고장,753,722,298.2,2026-01-29,86.04,13.96,31,95.88,4.12,109.39,104.89,0.413,2026-01,B,False,False,True,False,True,D
2026-01-29,B-01,480,460,20,금형교체,807,799,289.6,2026-01-29,95.83,4.17,8,99.01,0.99,105.26,104.22,0.3625,2026-01,B,False,False,False,False,False,D
2026-01-29,A-03,480,439,41,설비고장,840,828,287.7,2026-01-29,91.46,8.54,12,98.57,1.43,114.81,113.17,0.3475,2026-01,A,False,False,False,False,False,B
2026-01-29,A-02,480,480,0,정상가동,875,857,267.7,2026-01-29,100.0,0.0,18,97.94,2.06,109.38,107.12,0.3124,2026-01,A,False,False,False,False,False,A
2026-01-29,A-01,480,431,49,설비고장,857,816,273.4,2026-01-29,89.79,10.21,41,95.22,4.78,119.3,113.6,0.335,2026-01,A,False,False,False,False,False,B
2026-01-29,B-02,480,429,51,예방보전,898,860,258.4,2026-01-29,89.38,10.62,38,95.77,4.23,125.59,120.28,0.3005,2026-01,B,False,False,False,False,False,B
2026-01-30,C-02,480,422,58,설비고장,733,688,271.7,2026-01-30,87.92,12.08,45,93.86,6.14,104.22,97.82,0.3949,2026-01,C,False,False,False,False,False,D
2026-01-30,D-02,480,436,44,품질조정,822,805,311.6,2026-01-30,90.83,9.17,17,97.93,2.07,113.12,110.78,0.3871,2026-01,D,False,False,False,False,False,D
2026-01-30,D-01,480,474,6,자재대기,872,862,304.5,2026-01-30,98.75,1.25,10,98.85,1.15,110.38,109.11,0.3532,2026-01,D,False,False,False,False,False,C
2026-01-30,C-03,480,370,110,예방보전,715,674,233.0,2026-01-30,77.08,22.92,41,94.27,5.73,115.95,109.3,0.3457,2026-01,C,True,False,False,True,True,D
2026-01-30,C-01,480,366,114,금형교체,640,599,203.1,2026-01-30,76.25,23.75,41,93.59,6.41,104.92,98.2,0.3391,2026-01,C,True,False,False,True,True,D
2026-01-30,D-03,480,480,0,정상가동,944,929,314.0,2026-01-30,100.0,0.0,15,98.41,1.59,118.0,116.12,0.338,2026-01,D,False,False,False,False,False,A
2026-01-30,B-02,480,430,50,품질조정,815,804,237.9,2026-01-30,89.58,10.42,11,98.65,1.35,113.72,112.19,0.2959,2026-01,B,False,False,False,False,False,B
2026-01-30,B-01,480,434,46,품질조정,911,910,279.4,2026-01-30,90.42,9.58,1,99.89,0.11,125.94,125.81,0.307,2026-01,B,False,False,False,False,False,B
2026-01-30,A-03,480,417,63,금형교체,732,682,297.8,2026-01-30,86.88,13.12,50,93.17,6.83,105.32,98.13,0.4367,2026-01,A,False,False,True,False,True,D
2026-01-30,A-02,480,392,88,예방보전,830,806,231.4,2026-01-30,81.67,18.33,24,97.11,2.89,127.04,123.37,0.2871,2026-01,A,False,False,False,False,False,D
2026-01-30,A-01,480,480,0,정상가동,894,890,310.5,2026-01-30,100.0,0.0,4,99.55,0.45,111.75,111.25,0.3489,2026-01,A,False,False,False,False,False,B
2026-01-30,B-03,480,461,19,금형교체,854,837,250.0,2026-01-30,96.04,3.96,17,98.01,1.99,111.15,108.94,0.2987,2026-01,B,False,False,False,False,False,A
2026-01-31,D-02,480,432,48,자재대기,847,846,251.3,2026-01-31,90.0,10.0,1,99.88,0.12,117.64,117.5,0.297,2026-01,D,False,False,False,False,False,B
2026-01-31,D-01,480,466,14,예방보전,849,828,269.7,2026-01-31,97.08,2.92,21,97.53,2.47,109.31,106.61,0.3257,2026-01,D,False,False,False,False,False,A
2026-01-31,C-03,480,414,66,품질조정,821,773,287.7,2026-01-31,86.25,13.75,48,94.15,5.85,118.99,112.03,0.3722,2026-01,C,False,False,False,False,False,D
2026-01-31,C-02,480,375,105,품질조정,676,652,247.7,2026-01-31,78.12,21.88,24,96.45,3.55,108.16,104.32,0.3799,2026-01,C,True,False,False,True,True,D
2026-01-31,C-01,480,420,60,설비고장,781,721,246.0,2026-01-31,87.5,12.5,60,92.32,7.68,111.57,103.0,0.3412,2026-01,C,False,False,False,False,False,C
2026-01-31,D-03,480,480,0,정상가동,900,872,289.4,2026-01-31,100.0,0.0,28,96.89,3.11,112.5,109.0,0.3319,2026-01,D,False,False,False,False,False,B
2026-01-31,B-02,480,454,26,품질조정,841,801,251.8,2026-01-31,94.58,5.42,40,95.24,4.76,111.15,105.86,0.3144,2026-01,B,False,False,False,False,False,B
2026-01-31,B-01,480,480,0,정상가동,864,829,293.2,2026-01-31,100.0,0.0,35,95.95,4.05,108.0,103.62,0.3537,2026-01,B,False,False,False,False,False,C
2026-01-31,A-03,480,425,55,설비고장,787,775,262.7,2026-01-31,88.54,11.46,12,98.48,1.52,111.11,109.41,0.339,2026-01,A,False,False,False,False,False,B
2026-01-31,A-02,480,461,19,금형교체,884,865,295.2,2026-01-31,96.04,3.96,19,97.85,2.15,115.05,112.58,0.3413,2026-01,A,False,False,False,False,False,B
2026-01-31,A-01,480,435,45,예방보전,850,826,302.6,2026-01-31,90.62,9.38,24,97.18,2.82,117.24,113.93,0.3663,2026-01,A,False,False,False,False,False,D
2026-01-31,B-03,480,443,37,금형교체,732,721,274.8,2026-01-31,92.29,7.71,11,98.5,1.5,99.14,97.65,0.3811,2026-01,B,False,False,False,False,False,D
2026-02-01,D-03,480,431,49,금형교체,726,695,295.9,2026-02-01,89.79,10.21,31,95.73,4.27,101.07,96.75,0.4258,2026-02,D,False,False,True,False,True,D
2026-02-01,D-02,480,423,57,설비고장,803,775,255.2,2026-02-01,88.12,11.88,28,96.51,3.49,113.9,109.93,0.3293,2026-02,D,False,False,False,False,False,B
2026-02-01,D-01,480,472,8,예방보전,863,826,260.8,2026-02-01,98.33,1.67,37,95.71,4.29,109.7,105.0,0.3157,2026-02,D,False,False,False,False,False,B
2026-02-01,C-03,480,423,57,설비고장,709,661,232.3,2026-02-01,88.12,11.88,48,93.23,6.77,100.57,93.76,0.3514,2026-02,C,False,False,False,False,False,C
2026-02-01,C-02,480,431,49,금형교체,769,725,258.4,2026-02-01,89.79,10.21,44,94.28,5.72,107.05,100.93,0.3564,2026-02,C,False,False,False,False,False,C
2026-02-01,C-01,480,462,18,예방보전,772,687,328.4,2026-02-01,96.25,3.75,85,88.99,11.01,100.26,89.22,0.478,2026-02,C,False,True,True,False,True,D
2026-02-01,B-03,480,459,21,금형교체,782,770,321.7,2026-02-01,95.62,4.38,12,98.47,1.53,102.22,100.65,0.4178,2026-02,B,False,False,True,False,True,D
2026-02-01,B-01,480,428,52,품질조정,776,758,237.7,2026-02-01,89.17,10.83,18,97.68,2.32,108.79,106.26,0.3136,2026-02,B,False,False,False,False,False,B
2026-02-01,A-03,480,423,57,설비고장,785,784,279.1,2026-02-01,88.12,11.88,1,99.87,0.13,111.35,111.21,0.356,2026-02,A,False,False,False,False,False,C
2026-02-01,A-02,480,480,0,정상가동,931,914,303.8,2026-02-01,100.0,0.0,17,98.17,1.83,116.38,114.25,0.3324,2026-02,A,False,False,False,False,False,A
2026-02-01,A-01,480,480,0,정상가동,975,939,313.8,2026-02-01,100.0,0.0,36,96.31,3.69,121.88,117.38,0.3342,2026-02,A,False,False,False,False,False,B
2026-02-01,B-02,480,419,61,설비고장,728,714,261.0,2026-02-01,87.29,12.71,14,98.08,1.92,104.25,102.24,0.3655,2026-02,B,False,False,False,False,False,D
2026-02-02,C-02,480,409,71,설비고장,773,718,282.6,2026-02-02,85.21,14.79,55,92.88,7.12,113.4,105.33,0.3936,2026-02,C,False,False,False,False,False,D
2026-02-02,D-02,480,447,33,설비고장,790,774,285.7,2026-02-02,93.12,6.88,16,97.97,2.03,106.04,103.89,0.3691,2026-02,D,False,False,False,False,False,D
2026-02-02,D-01,480,439,41,금형교체,887,858,255.8,2026-02-02,91.46,8.54,29,96.73,3.27,121.23,117.27,0.2981,2026-02,D,False,False,False,False,False,B
2026-02-02,C-03,480,418,62,금형교체,726,683,253.6,2026-02-02,87.08,12.92,43,94.08,5.92,104.21,98.04,0.3713,2026-02,C,False,False,False,False,False,D
2026-02-02,C-01,480,396,84,금형교체,742,678,209.6,2026-02-02,82.5,17.5,64,91.37,8.63,112.42,102.73,0.3091,2026-02,C,False,True,False,False,True,D
2026-02-02,D-03,480,415,65,금형교체,770,717,234.2,2026-02-02,86.46,13.54,53,93.12,6.88,111.33,103.66,0.3266,2026-02,D,False,False,False,False,False,C
2026-02-02,B-02,480,480,0,정상가동,943,932,282.7,2026-02-02,100.0,0.0,11,98.83,1.17,117.88,116.5,0.3033,2026-02,B,False,False,False,False,False,A
2026-02-02,A-01,480,433,47,예방보전,827,805,276.2,2026-02-02,90.21,9.79,22,97.34,2.66,114.6,111.55,0.3431,2026-02,A,False,False,False,False,False,B
2026-02-02,A-02,480,477,3,설비고장,889,849,285.6,2026-02-02,99.38,0.62,40,95.5,4.5,111.82,106.79,0.3364,2026-02,A,False,False,False,False,False,B
2026-02-02,B-03,480,388,92,품질조정,663,654,248.0,2026-02-02,80.83,19.17,9,98.64,1.36,102.53,101.13,0.3792,2026-02,B,False,False,False,True,True,D
2026-02-02,B-01,480,411,69,설비고장,809,794,246.0,2026-02-02,85.62,14.37,15,98.15,1.85,118.1,115.91,0.3098,2026-02,B,False,False,False,False,False,C
2026-02-02,A-03,480,420,60,금형교체,806,781,264.8,2026-02-02,87.5,12.5,25,96.9,3.1,115.14,111.57,0.3391,2026-02,A,False,False,False,False,False,C
2026-02-03,D-03,480,434,46,품질조정,793,773,272.2,2026-02-03,90.42,9.58,20,97.48,2.52,109.63,106.87,0.3521,2026-02,D,False,False,False,False,False,C
2026-02-03,D-02,480,409,71,자재대기,715,703,235.1,2026-02-03,85.21,14.79,12,98.32,1.68,104.89,103.13,0.3344,2026-02,D,False,False,False,False,False,C
2026-02-03,D-01,480,480,0,정상가동,841,799,282.6,2026-02-03,100.0,0.0,42,95.01,4.99,105.12,99.88,0.3537,2026-02,D,False,False,False,False,False,C
2026-02-03,C-03,480,426,54,예방보전,855,806,241.2,2026-02-03,88.75,11.25,49,94.27,5.73,120.42,113.52,0.2993,2026-02,C,False,False,False,False,False,C
2026-02-03,C-01,480,389,91,품질조정,754,689,220.1,2026-02-03,81.04,18.96,65,91.38,8.62,116.3,106.27,0.3194,2026-02,C,False,True,False,True,True,D
2026-02-03,C-02,480,363,117,예방보전,685,654,232.4,2026-02-03,75.62,24.38,31,95.47,4.53,113.22,108.1,0.3554,2026-02,C,True,False,False,True,True,D
2026-02-03,B-02,480,473,7,금형교체,944,943,269.3,2026-02-03,98.54,1.46,1,99.89,0.11,119.75,119.62,0.2856,2026-02,B,False,False,False,False,False,A
2026-02-03,B-01,480,452,28,금형교체,773,727,291.8,2026-02-03,94.17,5.83,46,94.05,5.95,102.61,96.5,0.4014,2026-02,B,False,False,False,False,False,D
2026-02-03,A-03,480,416,64,자재대기,710,702,265.7,2026-02-03,86.67,13.33,8,98.87,1.13,102.4,101.25,0.3785,2026-02,A,False,False,False,False,False,D
2026-02-03,A-02,480,423,57,품질조정,817,800,279.1,2026-02-03,88.12,11.88,17,97.92,2.08,115.89,113.48,0.3489,2026-02,A,False,False,False,False,False,B
2026-02-03,A-01,480,446,34,설비고장,767,746,279.1,2026-02-03,92.92,7.08,21,97.26,2.74,103.18,100.36,0.3741,2026-02,A,False,False,False,False,False,D
2026-02-03,B-03,480,454,26,품질조정,808,788,309.3,2026-02-03,94.58,5.42,20,97.52,2.48,106.78,104.14,0.3925,2026-02,B,False,False,False,False,False,D
2026-02-04,D-03,480,457,23,자재대기,782,741,303.4,2026-02-04,95.21,4.79,41,94.76,5.24,102.67,97.29,0.4094,2026-02,D,False,False,True,False,True,D
2026-02-04,D-02,480,428,52,금형교체,869,837,258.6,2026-02-04,89.17,10.83,32,96.32,3.68,121.82,117.34,0.309,2026-02,D,False,False,False,False,False,B
2026-02-04,D-01,480,437,43,예방보전,909,853,254.1,2026-02-04,91.04,8.96,56,93.84,6.16,124.81,117.12,0.2979,2026-02,D,False,False,False,False,False,C
2026-02-04,C-03,480,458,22,예방보전,857,784,289.1,2026-02-04,95.42,4.58,73,91.48,8.52,112.27,102.71,0.3688,2026-02,C,False,True,False,False,True,D
2026-02-04,C-02,480,410,70,자재대기,828,766,208.5,2026-02-04,85.42,14.58,62,92.51,7.49,121.17,112.1,0.2722,2026-02,C,False,False,False,False,False,C
2026-02-04,C-01,480,428,52,자재대기,842,774,249.2,2026-02-04,89.17,10.83,68,91.92,8.08,118.04,108.5,0.322,2026-02,C,False,True,False,False,True,D
2026-02-04,B-03,480,452,28,금형교체,834,833,284.3,2026-02-04,94.17,5.83,1,99.88,0.12,110.71,110.58,0.3413,2026-02,B,False,False,False,False,False,B
2026-02-04,B-01,480,388,92,금형교체,748,746,226.7,2026-02-04,80.83,19.17,2,99.73,0.27,115.67,115.36,0.3039,2026-02,B,False,False,False,True,True,D
2026-02-04,A-03,480,455,25,품질조정,834,813,303.3,2026-02-04,94.79,5.21,21,97.48,2.52,109.98,107.21,0.3731,2026-02,A,False,False,False,False,False,D
2026-02-04,A-02,480,480,0,정상가동,934,867,294.7,2026-02-04,100.0,0.0,67,92.83,7.17,116.75,108.38,0.3399,2026-02,A,False,False,False,False,False,C
2026-02-04,A-01,480,434,46,예방보전,885,857,260.7,2026-02-04,90.42,9.58,28,96.84,3.16,122.35,118.48,0.3042,2026-02,A,False,False,False,False,False,B
2026-02-04,B-02,480,416,64,자재대기,802,789,249.7,2026-02-04,86.67,13.33,13,98.38,1.62,115.67,113.8,0.3165,2026-02,B,False,False,False,False,False,C
2026-02-05,D-03,480,393,87,설비고장,774,773,233.8,2026-02-05,81.88,18.12,1,99.87,0.13,118.17,118.02,0.3025,2026-02,D,False,False,False,False,False,D
2026-02-05,D-02,480,436,44,설비고장,812,773,298.2,2026-02-05,90.83,9.17,39,95.2,4.8,111.74,106.38,0.3858,2026-02,D,False,False,False,False,False,D
2026-02-05,D-01,480,461,19,자재대기,813,809,286.8,2026-02-05,96.04,3.96,4,99.51,0.49,105.81,105.29,0.3545,2026-02,D,False,False,False,False,False,C
2026-02-05,C-03,480,409,71,설비고장,800,769,280.1,2026-02-05,85.21,14.79,31,96.12,3.88,117.36,112.81,0.3642,2026-02,C,False,False,False,False,False,D
2026-02-05,C-02,480,370,110,금형교체,659,602,210.5,2026-02-05,77.08,22.92,57,91.35,8.65,106.86,97.62,0.3497,2026-02,C,True,True,False,True,True,D
2026-02-05,C-01,480,374,106,금형교체,737,702,234.5,2026-02-05,77.92,22.08,35,95.25,4.75,118.24,112.62,0.334,2026-02,C,True,False,False,True,True,D
2026-02-05,B-03,480,453,27,예방보전,772,729,278.9,2026-02-05,94.38,5.62,43,94.43,5.57,102.25,96.56,0.3826,2026-02,B,False,False,False,False,False,D
2026-02-05,B-01,480,447,33,설비고장,823,790,279.8,2026-02-05,93.12,6.88,33,95.99,4.01,110.47,106.04,0.3542,2026-02,B,False,False,False,False,False,C
2026-02-05,A-03,480,413,67,설비고장,733,704,279.9,2026-02-05,86.04,13.96,29,96.04,3.96,106.49,102.28,0.3976,2026-02,A,False,False,False,False,False,D
2026-02-05,A-02,480,442,38,금형교체,843,830,297.5,2026-02-05,92.08,7.92,13,98.46,1.54,114.43,112.67,0.3584,2026-02,A,False,False,False,False,False,C
2026-02-05,A-01,480,426,54,설비고장,775,739,229.7,2026-02-05,88.75,11.25,36,95.35,4.65,109.15,104.08,0.3108,2026-02,A,False,False,False,False,False,B
2026-02-05,B-02,480,435,45,금형교체,745,708,254.3,2026-02-05,90.62,9.38,37,95.03,4.97,102.76,97.66,0.3592,2026-02,B,False,False,False,False,False,C
2026-02-06,C-02,480,410,70,품질조정,795,777,277.1,2026-02-06,85.42,14.58,18,97.74,2.26,116.34,113.71,0.3566,2026-02,C,False,False,False,False,False,C
2026-02-06,D-02,480,459,21,금형교체,848,828,288.5,2026-02-06,95.62,4.38,20,97.64,2.36,110.85,108.24,0.3484,2026-02,D,False,False,False,False,False,B
2026-02-06,D-01,480,405,75,품질조정,731,728,251.0,2026-02-06,84.38,15.62,3,99.59,0.41,108.3,107.85,0.3448,2026-02,D,False,False,False,False,False,D
2026-02-06,C-03,480,400,80,예방보전,791,731,237.4,2026-02-06,83.33,16.67,60,92.41,7.59,118.65,109.65,0.3248,2026-02,C,False,False,False,False,False,D
2026-02-06,C-01,480,393,87,품질조정,791,734,273.0,2026-02-06,81.88,18.12,57,92.79,7.21,120.76,112.06,0.3719,2026-02,C,False,False,False,False,False,D
2026-02-06,D-03,480,480,0,정상가동,757,708,317.4,2026-02-06,100.0,0.0,49,93.53,6.47,94.62,88.5,0.4483,2026-02,D,False,False,True,False,True,D
2026-02-06,B-02,480,465,15,예방보전,862,834,267.2,2026-02-06,96.88,3.12,28,96.75,3.25,111.23,107.61,0.3204,2026-02,B,False,False,False,False,False,B
2026-02-06,A-01,480,419,61,금형교체,805,755,237.6,2026-02-06,87.29,12.71,50,93.79,6.21,115.27,108.11,0.3147,2026-02,A,False,False,False,False,False,C
2026-02-06,A-02,480,431,49,금형교체,811,780,242.5,2026-02-06,89.79,10.21,31,96.18,3.82,112.9,108.58,0.3109,2026-02,A,False,False,False,False,False,B
2026-02-06,B-03,480,453,27,예방보전,851,848,263.5,2026-02-06,94.38,5.62,3,99.65,0.35,112.72,112.32,0.3107,2026-02,B,False,False,False,False,False,A
2026-02-06,B-01,480,421,59,예방보전,781,719,255.7,2026-02-06,87.71,12.29,62,92.06,7.94,111.31,102.47,0.3556,2026-02,B,False,False,False,False,False,C
2026-02-06,A-03,480,456,24,품질조정,817,812,280.5,2026-02-06,95.0,5.0,5,99.39,0.61,107.5,106.84,0.3454,2026-02,A,False,False,False,False,False,B
2026-02-07,D-03,480,459,21,품질조정,768,744,291.3,2026-02-07,95.62,4.38,24,96.88,3.12,100.39,97.25,0.3915,2026-02,D,False,False,False,False,False,D
2026-02-07,D-02,480,446,34,설비고장,858,853,291.4,2026-02-07,92.92,7.08,5,99.42,0.58,115.43,114.75,0.3416,2026-02,D,False,False,False,False,False,B
2026-02-07,D-01,480,442,38,예방보전,831,806,263.8,2026-02-07,92.08,7.92,25,96.99,3.01,112.81,109.41,0.3273,2026-02,D,False,False,False,False,False,B
2026-02-07,C-03,480,429,51,자재대기,829,776,261.7,2026-02-07,89.38,10.62,53,93.61,6.39,115.94,108.53,0.3372,2026-02,C,False,False,False,False,False,C
2026-02-07,C-01,480,422,58,자재대기,801,736,245.8,2026-02-07,87.92,12.08,65,91.89,8.11,113.89,104.64,0.334,2026-02,C,False,True,False,False,True,D
2026-02-07,C-02,480,381,99,품질조정,652,606,246.9,2026-02-07,79.38,20.62,46,92.94,7.06,102.68,95.43,0.4074,2026-02,C,True,False,False,True,True,D
2026-02-07,B-02,480,415,65,금형교체,779,743,232.8,2026-02-07,86.46,13.54,36,95.38,4.62,112.63,107.42,0.3133,2026-02,B,False,False,False,False,False,C
2026-02-07,B-01,480,433,47,금형교체,825,784,287.6,2026-02-07,90.21,9.79,41,95.03,4.97,114.32,108.64,0.3668,2026-02,B,False,False,False,False,False,D
2026-02-07,A-03,480,439,41,품질조정,767,766,244.6,2026-02-07,91.46,8.54,1,99.87,0.13,104.83,104.69,0.3193,2026-02,A,False,False,False,False,False,B
2026-02-07,A-02,480,463,17,설비고장,800,758,290.2,2026-02-07,96.46,3.54,42,94.75,5.25,103.67,98.23,0.3828,2026-02,A,False,False,False,False,False,D
2026-02-07,A-01,480,407,73,설비고장,730,709,241.4,2026-02-07,84.79,15.21,21,97.12,2.88,107.62,104.52,0.3405,2026-02,A,False,False,False,False,False,D
2026-02-07,B-03,480,382,98,자재대기,622,596,280.6,2026-02-07,79.58,20.42,26,95.82,4.18,97.7,93.61,0.4708,2026-02,B,True,False,True,True,True,D
2026-02-08,D-03,480,458,22,설비고장,813,796,307.3,2026-02-08,95.42,4.58,17,97.91,2.09,106.51,104.28,0.3861,2026-02,D,False,False,False,False,False,D
2026-02-08,D-02,480,450,30,예방보전,721,667,235.9,2026-02-08,93.75,6.25,54,92.51,7.49,96.13,88.93,0.3537,2026-02,D,False,False,False,False,False,C
2026-02-08,D-01,480,467,13,설비고장,988,976,282.3,2026-02-08,97.29,2.71,12,98.79,1.21,126.94,125.4,0.2892,2026-02,D,False,False,False,False,False,A
2026-02-08,C-03,480,440,40,품질조정,862,797,297.1,2026-02-08,91.67,8.33,65,92.46,7.54,117.55,108.68,0.3728,2026-02,C,False,False,False,False,False,D
2026-02-08,C-01,480,391,89,설비고장,726,665,247.0,2026-02-08,81.46,18.54,61,91.6,8.4,111.41,102.05,0.3714,2026-02,C,False,True,False,False,True,D
2026-02-08,C-02,480,392,88,자재대기,609,557,227.6,2026-02-08,81.67,18.33,52,91.46,8.54,93.21,85.26,0.4086,2026-02,C,False,True,False,False,True,D
2026-02-08,B-02,480,480,0,정상가동,922,921,307.8,2026-02-08,100.0,0.0,1,99.89,0.11,115.25,115.12,0.3342,2026-02,B,False,False,False,False,False,A
2026-02-08,A-01,480,417,63,예방보전,817,816,267.7,2026-02-08,86.88,13.12,1,99.88,0.12,117.55,117.41,0.3281,2026-02,A,False,False,False,False,False,C
2026-02-08,A-02,480,433,47,설비고장,762,735,273.0,2026-02-08,90.21,9.79,27,96.46,3.54,105.59,101.85,0.3714,2026-02,A,False,False,False,False,False,D
2026-02-08,B-03,480,424,56,자재대기,773,761,233.9,2026-02-08,88.33,11.67,12,98.45,1.55,109.39,107.69,0.3074,2026-02,B,False,False,False,False,False,B
2026-02-08,B-01,480,389,91,품질조정,686,659,239.6,2026-02-08,81.04,18.96,27,96.06,3.94,105.81,101.65,0.3636,2026-02,B,False,False,False,True,True,D
2026-02-08,A-03,480,473,7,자재대기,869,827,324.2,2026-02-08,98.54,1.46,42,95.17,4.83,110.23,104.9,0.392,2026-02,A,False,False,False,False,False,D
2026-02-09,D-03,480,474,6,예방보전,906,839,287.5,2026-02-09,98.75,1.25,67,92.6,7.4,114.68,106.2,0.3427,2026-02,D,False,False,False,False,False,C
2026-02-09,D-02,480,449,31,품질조정,963,955,249.9,2026-02-09,93.54,6.46,8,99.17,0.83,128.69,127.62,0.2617,2026-02,D,False,False,False,False,False,A
2026-02-09,D-01,480,471,9,품질조정,852,841,323.6,2026-02-09,98.12,1.88,11,98.71,1.29,108.54,107.13,0.3848,2026-02,D,False,False,False,False,False,D
2026-02-09,C-03,480,404,76,자재대기,716,664,231.0,2026-02-09,84.17,15.83,52,92.74,7.26,106.34,98.61,0.3479,2026-02,C,False,False,False,False,False,D
2026-02-09,C-01,480,365,115,품질조정,657,616,202.3,2026-02-09,76.04,23.96,41,93.76,6.24,108.0,101.26,0.3284,2026-02,C,True,False,False,True,True,D
2026-02-09,C-02,480,367,113,설비고장,682,630,217.5,2026-02-09,76.46,23.54,52,92.38,7.62,111.5,103.0,0.3452,2026-02,C,True,False,False,True,True,D
2026-02-09,B-02,480,444,36,자재대기,850,845,255.2,2026-02-09,92.5,7.5,5,99.41,0.59,114.86,114.19,0.302,2026-02,B,False,False,False,False,False,A
2026-02-09,B-01,480,480,0,정상가동,913,859,254.9,2026-02-09,100.0,0.0,54,94.09,5.91,114.12,107.38,0.2967,2026-02,B,False,False,False,False,False,C
2026-02-09,A-03,480,405,75,설비고장,744,741,237.1,2026-02-09,84.38,15.62,3,99.6,0.4,110.22,109.78,0.32,2026-02,A,False,False,False,False,False,D
2026-02-09,A-02,480,418,62,품질조정,783,754,243.8,2026-02-09,87.08,12.92,29,96.3,3.7,112.39,108.23,0.3233,2026-02,A,False,False,False,False,False,C
2026-02-09,A-01,480,478,2,자재대기,868,821,273.9,2026-02-09,99.58,0.42,47,94.59,5.41,108.95,103.05,0.3336,2026-02,A,False,False,False,False,False,C
2026-02-09,B-03,480,423,57,설비고장,787,750,269.2,2026-02-09,88.12,11.88,37,95.3,4.7,111.63,106.38,0.3589,2026-02,B,False,False,False,False,False,C
2026-02-10,D-03,480,480,0,정상가동,920,877,333.1,2026-02-10,100.0,0.0,43,95.33,4.67,115.0,109.62,0.3798,2026-02,D,False,False,False,False,False,D
2026-02-10,D-02,480,403,77,설비고장,715,697,244.6,2026-02-10,83.96,16.04,18,97.48,2.52,106.45,103.77,0.3509,2026-02,D,False,False,False,False,False,D
2026-02-10,D-01,480,446,34,품질조정,796,757,278.1,2026-02-10,92.92,7.08,39,95.1,4.9,107.09,101.84,0.3674,2026-02,D,False,False,False,False,False,D
2026-02-10,C-03,480,333,147,설비고장,568,533,211.0,2026-02-10,69.38,30.63,35,93.84,6.16,102.34,96.04,0.3959,2026-02,C,True,False,False,True,True,D
2026-02-10,C-02,480,418,62,설비고장,773,752,257.3,2026-02-10,87.08,12.92,21,97.28,2.72,110.96,107.94,0.3422,2026-02,C,False,False,False,False,False,C
2026-02-10,C-01,480,444,36,설비고장,873,846,264.4,2026-02-10,92.5,7.5,27,96.91,3.09,117.97,114.32,0.3125,2026-02,C,False,False,False,False,False,B
2026-02-10,B-03,480,361,119,품질조정,679,627,200.4,2026-02-10,75.21,24.79,52,92.34,7.66,112.85,104.21,0.3196,2026-02,B,True,False,False,True,True,D
2026-02-10,B-01,480,440,40,자재대기,812,790,254.1,2026-02-10,91.67,8.33,22,97.29,2.71,110.73,107.73,0.3216,2026-02,B,False,False,False,False,False,B
2026-02-10,A-01,480,445,35,예방보전,837,825,266.7,2026-02-10,92.71,7.29,12,98.57,1.43,112.85,111.24,0.3233,2026-02,A,False,False,False,False,False,A
2026-02-10,B-02,480,449,31,설비고장,833,799,285.7,2026-02-10,93.54,6.46,34,95.92,4.08,111.31,106.77,0.3576,2026-02,B,False,False,False,False,False,C
2026-02-10,A-03,480,406,74,설비고장,675,674,252.0,2026-02-10,84.58,15.42,1,99.85,0.15,99.75,99.61,0.3739,2026-02,A,False,False,False,False,False,D
2026-02-10,A-02,480,436,44,금형교체,687,647,279.1,2026-02-10,90.83,9.17,40,94.18,5.82,94.54,89.04,0.4314,2026-02,A,False,False,True,False,True,D
2026-02-11,D-03,480,432,48,금형교체,915,871,258.0,2026-02-11,90.0,10.0,44,95.19,4.81,127.08,120.97,0.2962,2026-02,D,False,False,False,False,False,B
2026-02-11,D-02,480,459,21,금형교체,881,843,282.8,2026-02-11,95.62,4.38,38,95.69,4.31,115.16,110.2,0.3355,2026-02,D,False,False,False,False,False,B
2026-02-11,D-01,480,421,59,설비고장,779,774,284.6,2026-02-11,87.71,12.29,5,99.36,0.64,111.02,110.31,0.3677,2026-02,D,False,False,False,False,False,D
2026-02-11,C-03,480,416,64,자재대기,744,727,245.8,2026-02-11,86.67,13.33,17,97.72,2.28,107.31,104.86,0.3381,2026-02,C,False,False,False,False,False,C
2026-02-11,B-03,480,412,68,설비고장,731,723,260.9,2026-02-11,85.83,14.17,8,98.91,1.09,106.46,105.29,0.3609,2026-02,B,False,False,False,False,False,D
2026-02-11,C-02,480,379,101,설비고장,733,654,238.5,2026-02-11,78.96,21.04,79,89.22,10.78,116.04,103.54,0.3647,2026-02,C,True,True,False,True,True,D
2026-02-11,B-01,480,480,0,정상가동,924,877,295.8,2026-02-11,100.0,0.0,47,94.91,5.09,115.5,109.62,0.3373,2026-02,B,False,False,False,False,False,C
2026-02-11,A-03,480,480,0,정상가동,877,876,304.1,2026-02-11,100.0,0.0,1,99.89,0.11,109.62,109.5,0.3471,2026-02,A,False,False,False,False,False,B
2026-02-11,A-02,480,480,0,정상가동,855,819,287.4,2026-02-11,100.0,0.0,36,95.79,4.21,106.88,102.38,0.3509,2026-02,A,False,False,False,False,False,C
2026-02-11,A-01,480,441,39,품질조정,821,788,279.3,2026-02-11,91.88,8.12,33,95.98,4.02,111.7,107.21,0.3544,2026-02,A,False,False,False,False,False,C
2026-02-11,B-02,480,441,39,금형교체,869,835,268.0,2026-02-11,91.88,8.12,34,96.09,3.91,118.23,113.61,0.321,2026-02,B,False,False,False,False,False,B
2026-02-11,C-01,480,395,85,금형교체,755,686,231.1,2026-02-11,82.29,17.71,69,90.86,9.14,114.68,104.2,0.3369,2026-02,C,False,True,False,False,True,D
2026-02-12,C-01,480,433,47,예방보전,844,819,258.9,2026-02-12,90.21,9.79,25,97.04,2.96,116.95,113.49,0.3161,2026-02,C,False,False,False,False,False,B
2026-02-12,D-03,480,421,59,설비고장,774,749,229.4,2026-02-12,87.71,12.29,25,96.77,3.23,110.31,106.75,0.3063,2026-02,D,False,False,False,False,False,C
2026-02-12,D-02,480,456,24,설비고장,859,825,340.0,2026-02-12,95.0,5.0,34,96.04,3.96,113.03,108.55,0.4121,2026-02,D,False,False,True,False,True,D
2026-02-12,D-01,480,469,11,설비고장,837,818,258.8,2026-02-12,97.71,2.29,19,97.73,2.27,107.08,104.65,0.3164,2026-02,D,False,False,False,False,False,A
2026-02-12,C-03,480,345,135,금형교체,694,636,202.0,2026-02-12,71.88,28.12,58,91.64,8.36,120.7,110.61,0.3176,2026-02,C,True,True,False,True,True,D
2026-02-12,C-02,480,380,100,예방보전,738,671,226.3,2026-02-12,79.17,20.83,67,90.92,9.08,116.53,105.95,0.3373,2026-02,C,True,True,False,True,True,D
2026-02-12,B-03,480,456,24,예방보전,871,854,276.6,2026-02-12,95.0,5.0,17,98.05,1.95,114.61,112.37,0.3239,2026-02,B,False,False,False,False,False,A
2026-02-12,B-01,480,438,42,금형교체,801,754,266.1,2026-02-12,91.25,8.75,47,94.13,5.87,109.73,103.29,0.3529,2026-02,B,False,False,False,False,False,C
2026-02-12,A-03,480,480,0,정상가동,919,903,330.1,2026-02-12,100.0,0.0,16,98.26,1.74,114.88,112.88,0.3656,2026-02,A,False,False,False,False,False,D
2026-02-12,A-02,480,480,0,정상가동,846,801,265.7,2026-02-12,100.0,0.0,45,94.68,5.32,105.75,100.12,0.3317,2026-02,A,False,False,False,False,False,C
2026-02-12,A-01,480,424,56,품질조정,738,737,251.9,2026-02-12,88.33,11.67,1,99.86,0.14,104.43,104.29,0.3418,2026-02,A,False,False,False,False,False,B
2026-02-12,B-02,480,421,59,예방보전,843,800,242.7,2026-02-12,87.71,12.29,43,94.9,5.1,120.14,114.01,0.3034,2026-02,B,False,False,False,False,False,C
2026-02-13,D-03,480,480,0,정상가동,825,818,262.9,2026-02-13,100.0,0.0,7,99.15,0.85,103.12,102.25,0.3214,2026-02,D,False,False,False,False,False,A
2026-02-13,D-02,480,413,67,예방보전,828,793,259.1,2026-02-13,86.04,13.96,35,95.77,4.23,120.29,115.21,0.3267,2026-02,D,False,False,False,False,False,C
2026-02-13,D-01,480,480,0,정상가동,960,951,348.8,2026-02-13,100.0,0.0,9,99.06,0.94,120.0,118.88,0.3668,2026-02,D,False,False,False,False,False,D
2026-02-13,C-03,480,421,59,금형교체,782,736,246.9,2026-02-13,87.71,12.29,46,94.12,5.88,111.45,104.89,0.3355,2026-02,C,False,False,False,False,False,C
2026-02-13,C-02,480,399,81,자재대기,731,679,235.5,2026-02-13,83.12,16.88,52,92.89,7.11,109.92,102.11,0.3468,2026-02,C,False,False,False,False,False,D
2026-02-13,C-01,480,432,48,금형교체,794,757,208.9,2026-02-13,90.0,10.0,37,95.34,4.66,110.28,105.14,0.276,2026-02,C,False,False,False,False,False,B
2026-02-13,B-03,480,443,37,설비고장,741,713,300.3,2026-02-13,92.29,7.71,28,96.22,3.78,100.36,96.57,0.4212,2026-02,B,False,False,True,False,True,D
2026-02-13,B-01,480,447,33,예방보전,809,767,251.5,2026-02-13,93.12,6.88,42,94.81,5.19,108.59,102.95,0.3279,2026-02,B,False,False,False,False,False,C
2026-02-13,A-03,480,406,74,자재대기,805,751,264.2,2026-02-13,84.58,15.42,54,93.29,6.71,118.97,110.99,0.3518,2026-02,A,False,False,False,False,False,D
2026-02-13,A-02,480,470,10,설비고장,931,893,288.4,2026-02-13,97.92,2.08,38,95.92,4.08,118.85,114.0,0.323,2026-02,A,False,False,False,False,False,B
2026-02-13,A-01,480,450,30,금형교체,824,772,258.5,2026-02-13,93.75,6.25,52,93.69,6.31,109.87,102.93,0.3348,2026-02,A,False,False,False,False,False,C
2026-02-13,B-02,480,480,0,정상가동,810,779,321.9,2026-02-13,100.0,0.0,31,96.17,3.83,101.25,97.38,0.4132,2026-02,B,False,False,True,False,True,D
2026-02-14,C-02,480,377,103,품질조정,668,613,215.1,2026-02-14,78.54,21.46,55,91.77,8.23,106.31,97.56,0.3509,2026-02,C,True,True,False,True,True,D
2026-02-14,D-02,480,415,65,설비고장,674,673,272.5,2026-02-14,86.46,13.54,1,99.85,0.15,97.45,97.3,0.4049,2026-02,D,False,False,False,False,False,D
2026-02-14,D-01,480,438,42,예방보전,730,726,253.8,2026-02-14,91.25,8.75,4,99.45,0.55,100.0,99.45,0.3496,2026-02,D,False,False,False,False,False,B
2026-02-14,D-03,480,413,67,자재대기,756,731,250.2,2026-02-14,86.04,13.96,25,96.69,3.31,109.83,106.2,0.3423,2026-02,D,False,False,False,False,False,C
2026-02-14,C-01,480,414,66,설비고장,719,666,264.3,2026-02-14,86.25,13.75,53,92.63,7.37,104.2,96.52,0.3968,2026-02,C,False,False,False,False,False,D
2026-02-14,C-03,480,439,41,설비고장,947,893,266.2,2026-02-14,91.46,8.54,54,94.3,5.7,129.43,122.05,0.2981,2026-02,C,False,False,False,False,False,C
2026-02-14,B-02,480,429,51,품질조정,759,735,264.7,2026-02-14,89.38,10.62,24,96.84,3.16,106.15,102.8,0.3601,2026-02,B,False,False,False,False,False,D
2026-02-14,B-01,480,414,66,자재대기,735,705,236.9,2026-02-14,86.25,13.75,30,95.92,4.08,106.52,102.17,0.336,2026-02,B,False,False,False,False,False,C
2026-02-14,A-03,480,424,56,자재대기,842,808,250.4,2026-02-14,88.33,11.67,34,95.96,4.04,119.15,114.34,0.3099,2026-02,A,False,False,False,False,False,B
2026-02-14,A-02,480,480,0,정상가동,843,820,268.8,2026-02-14,100.0,0.0,23,97.27,2.73,105.38,102.5,0.3278,2026-02,A,False,False,False,False,False,A
2026-02-14,A-01,480,480,0,정상가동,782,775,303.0,2026-02-14,100.0,0.0,7,99.1,0.9,97.75,96.88,0.391,2026-02,A,False,False,False,False,False,D
2026-02-14,B-03,480,430,50,설비고장,879,878,276.5,2026-02-14,89.58,10.42,1,99.89,0.11,122.65,122.51,0.3149,2026-02,B,False,False,False,False,False,B
2026-02-15,D-03,480,480,0,정상가동,819,815,268.3,2026-02-15,100.0,0.0,4,99.51,0.49,102.38,101.88,0.3292,2026-02,D,False,False,False,False,False,A
2026-02-15,D-02,480,476,4,설비고장,852,850,291.5,2026-02-15,99.17,0.83,2,99.77,0.23,107.39,107.14,0.3429,2026-02,D,False,False,False,False,False,B
2026-02-15,D-01,480,448,32,설비고장,710,706,284.5,2026-02-15,93.33,6.67,4,99.44,0.56,95.09,94.55,0.403,2026-02,D,False,False,False,False,False,D
2026-02-15,C-03,480,399,81,예방보전,692,634,280.8,2026-02-15,83.12,16.88,58,91.62,8.38,104.06,95.34,0.4429,2026-02,C,False,True,True,False,True,D
2026-02-15,C-02,480,426,54,자재대기,801,760,268.0,2026-02-15,88.75,11.25,41,94.88,5.12,112.82,107.04,0.3526,2026-02,C,False,False,False,False,False,C
2026-02-15,C-01,480,363,117,품질조정,626,584,214.8,2026-02-15,75.62,24.38,42,93.29,6.71,103.47,96.53,0.3678,2026-02,C,True,False,False,True,True,D
2026-02-15,B-03,480,475,5,자재대기,907,847,270.1,2026-02-15,98.96,1.04,60,93.38,6.62,114.57,106.99,0.3189,2026-02,B,False,False,False,False,False,C
2026-02-15,B-02,480,480,0,정상가동,977,966,368.2,2026-02-15,100.0,0.0,11,98.87,1.13,122.12,120.75,0.3812,2026-02,B,False,False,False,False,False,D
2026-02-15,B-01,480,433,47,설비고장,812,799,251.8,2026-02-15,90.21,9.79,13,98.4,1.6,112.52,110.72,0.3151,2026-02,B,False,False,False,False,False,B
2026-02-15,A-03,480,460,20,자재대기,953,924,282.4,2026-02-15,95.83,4.17,29,96.96,3.04,124.3,120.52,0.3056,2026-02,A,False,False,False,False,False,B
2026-02-15,A-02,480,461,19,품질조정,709,692,303.5,2026-02-15,96.04,3.96,17,97.6,2.4,92.28,90.07,0.4386,2026-02,A,False,False,True,False,True,D
2026-02-15,A-01,480,441,39,예방보전,873,852,341.3,2026-02-15,91.88,8.12,21,97.59,2.41,118.78,115.92,0.4006,2026-02,A,False,False,False,False,False,D
2026-02-16,D-03,480,480,0,정상가동,886,873,297.9,2026-02-16,100.0,0.0,13,98.53,1.47,110.75,109.12,0.3412,2026-02,D,False,False,False,False,False,B
2026-02-16,D-02,480,480,0,정상가동,922,897,297.6,2026-02-16,100.0,0.0,25,97.29,2.71,115.25,112.12,0.3318,2026-02,D,False,False,False,False,False,A
2026-02-16,D-01,480,411,69,자재대기,809,799,235.3,2026-02-16,85.62,14.37,10,98.76,1.24,118.1,116.64,0.2945,2026-02,D,False,False,False,False,False,C
2026-02-16,C-03,480,390,90,설비고장,754,688,225.4,2026-02-16,81.25,18.75,66,91.25,8.75,116.0,105.85,0.3276,2026-02,C,False,True,False,False,True,D
2026-02-16,C-02,480,416,64,설비고장,709,653,211.5,2026-02-16,86.67,13.33,56,92.1,7.9,102.26,94.18,0.3239,2026-02,C,False,False,False,False,False,C
2026-02-16,C-01,480,337,143,금형교체,638,585,219.3,2026-02-16,70.21,29.79,53,91.69,8.31,113.59,104.15,0.3749,2026-02,C,True,True,False,True,True,D
2026-02-16,B-03,480,458,22,설비고장,832,800,260.0,2026-02-16,95.42,4.58,32,96.15,3.85,109.0,104.8,0.325,2026-02,B,False,False,False,False,False,B
2026-02-16,B-02,480,430,50,품질조정,815,794,321.7,2026-02-16,89.58,10.42,21,97.42,2.58,113.72,110.79,0.4052,2026-02,B,False,False,False,False,False,D
2026-02-16,B-01,480,378,102,설비고장,704,671,265.4,2026-02-16,78.75,21.25,33,95.31,4.69,111.75,106.51,0.3955,2026-02,B,True,False,False,True,True,D
2026-02-16,A-03,480,425,55,설비고장,729,721,290.3,2026-02-16,88.54,11.46,8,98.9,1.1,102.92,101.79,0.4026,2026-02,A,False,False,False,False,False,D
2026-02-16,A-02,480,407,73,예방보전,789,764,272.8,2026-02-16,84.79,15.21,25,96.83,3.17,116.31,112.63,0.3571,2026-02,A,False,False,False,False,False,D
2026-02-16,A-01,480,412,68,금형교체,663,642,264.7,2026-02-16,85.83,14.17,21,96.83,3.17,96.55,93.5,0.4123,2026-02,A,False,False,True,False,True,D
2026-02-17,D-03,480,456,24,예방보전,879,855,298.7,2026-02-17,95.0,5.0,24,97.27,2.73,115.66,112.5,0.3494,2026-02,D,False,False,False,False,False,B
2026-02-17,D-02,480,460,20,예방보전,888,870,318.7,2026-02-17,95.83,4.17,18,97.97,2.03,115.83,113.48,0.3663,2026-02,D,False,False,False,False,False,D
2026-02-17,D-01,480,480,0,정상가동,916,886,289.6,2026-02-17,100.0,0.0,30,96.72,3.28,114.5,110.75,0.3269,2026-02,D,False,False,False,False,False,B
2026-02-17,C-03,480,399,81,예방보전,672,636,226.0,2026-02-17,83.12,16.88,36,94.64,5.36,101.05,95.64,0.3553,2026-02,C,False,False,False,False,False,D
2026-02-17,C-02,480,381,99,자재대기,678,642,205.6,2026-02-17,79.38,20.62,36,94.69,5.31,106.77,101.1,0.3202,2026-02,C,True,False,False,True,True,D
2026-02-17,C-01,480,433,47,자재대기,749,718,264.8,2026-02-17,90.21,9.79,31,95.86,4.14,103.79,99.49,0.3688,2026-02,C,False,False,False,False,False,D
2026-02-17,B-02,480,433,47,설비고장,853,831,288.9,2026-02-17,90.21,9.79,22,97.42,2.58,118.2,115.15,0.3477,2026-02,B,False,False,False,False,False,B
2026-02-17,B-01,480,445,35,금형교체,775,729,278.9,2026-02-17,92.71,7.29,46,94.06,5.94,104.49,98.29,0.3826,2026-02,B,False,False,False,False,False,D
2026-02-17,A-03,480,443,37,예방보전,759,713,269.6,2026-02-17,92.29,7.71,46,93.94,6.06,102.8,96.57,0.3781,2026-02,A,False,False,False,False,False,D
2026-02-17,A-02,480,466,14,품질조정,881,865,258.2,2026-02-17,97.08,2.92,16,98.18,1.82,113.43,111.37,0.2985,2026-02,A,False,False,False,False,False,A
2026-02-17,A-01,480,418,62,자재대기,814,813,254.9,2026-02-17,87.08,12.92,1,99.88,0.12,116.84,116.7,0.3135,2026-02,A,False,False,False,False,False,C
2026-02-17,B-03,480,458,22,설비고장,831,804,265.4,2026-02-17,95.42,4.58,27,96.75,3.25,108.86,105.33,0.3301,2026-02,B,False,False,False,False,False,B
2026-02-18,C-02,480,402,78,금형교체,746,702,255.1,2026-02-18,83.75,16.25,44,94.1,5.9,111.34,104.78,0.3634,2026-02,C,False,False,False,False,False,D
2026-02-18,D-03,480,389,91,품질조정,663,626,271.1,2026-02-18,81.04,18.96,37,94.42,5.58,102.26,96.56,0.4331,2026-02,D,False,False,True,True,True,D
2026-02-18,D-02,480,422,58,자재대기,766,742,261.2,2026-02-18,87.92,12.08,24,96.87,3.13,108.91,105.5,0.352,2026-02,D,False,False,False,False,False,C
2026-02-18,D-01,480,477,3,자재대기,792,784,270.9,2026-02-18,99.38,0.62,8,98.99,1.01,99.62,98.62,0.3455,2026-02,D,False,False,False,False,False,B
2026-02-18,C-03,480,374,106,설비고장,711,654,213.9,2026-02-18,77.92,22.08,57,91.98,8.02,114.06,104.92,0.3271,2026-02,C,True,True,False,True,True,D
2026-02-18,C-01,480,347,133,금형교체,536,512,245.3,2026-02-18,72.29,27.71,24,95.52,4.48,92.68,88.53,0.4791,2026-02,C,True,False,True,True,True,D
2026-02-18,B-03,480,480,0,정상가동,937,904,299.1,2026-02-18,100.0,0.0,33,96.48,3.52,117.12,113.0,0.3309,2026-02,B,False,False,False,False,False,B
2026-02-18,B-02,480,411,69,금형교체,672,671,253.8,2026-02-18,85.62,14.37,1,99.85,0.15,98.1,97.96,0.3782,2026-02,B,False,False,False,False,False,D
2026-02-18,B-01,480,368,112,금형교체,687,654,228.6,2026-02-18,76.67,23.33,33,95.2,4.8,112.01,106.63,0.3495,2026-02,B,True,False,False,True,True,D
2026-02-18,A-03,480,456,24,예방보전,930,890,259.7,2026-02-18,95.0,5.0,40,95.7,4.3,122.37,117.11,0.2918,2026-02,A,False,False,False,False,False,B
2026-02-18,A-02,480,451,29,금형교체,845,826,289.5,2026-02-18,93.96,6.04,19,97.75,2.25,112.42,109.89,0.3505,2026-02,A,False,False,False,False,False,C
2026-02-18,A-01,480,394,86,품질조정,756,719,255.8,2026-02-18,82.08,17.92,37,95.11,4.89,115.13,109.49,0.3558,2026-02,A,False,False,False,False,False,D
2026-02-19,D-03,480,429,51,자재대기,764,752,272.9,2026-02-19,89.38,10.62,12,98.43,1.57,106.85,105.17,0.3629,2026-02,D,False,False,False,False,False,D
2026-02-19,D-02,480,457,23,자재대기,786,756,262.4,2026-02-19,95.21,4.79,30,96.18,3.82,103.19,99.26,0.3471,2026-02,D,False,False,False,False,False,B
2026-02-19,D-01,480,387,93,품질조정,750,721,247.3,2026-02-19,80.62,19.38,29,96.13,3.87,116.28,111.78,0.343,2026-02,D,False,False,False,True,True,D
2026-02-19,C-03,480,432,48,설비고장,733,687,291.8,2026-02-19,90.0,10.0,46,93.72,6.28,101.81,95.42,0.4247,2026-02,C,False,False,True,False,True,D
2026-02-19,C-02,480,445,35,금형교체,827,770,199.5,2026-02-19,92.71,7.29,57,93.11,6.89,111.51,103.82,0.2591,2026-02,C,False,False,False,False,False,C
2026-02-19,C-01,480,380,100,금형교체,623,610,237.0,2026-02-19,79.17,20.83,13,97.91,2.09,98.37,96.32,0.3885,2026-02,C,True,False,False,True,True,D
2026-02-19,B-03,480,441,39,예방보전,769,723,294.9,2026-02-19,91.88,8.12,46,94.02,5.98,104.63,98.37,0.4079,2026-02,B,False,False,False,False,False,D
2026-02-19,B-02,480,419,61,예방보전,731,693,279.5,2026-02-19,87.29,12.71,38,94.8,5.2,104.68,99.24,0.4033,2026-02,B,False,False,False,False,False,D
2026-02-19,B-01,480,477,3,자재대기,921,872,300.2,2026-02-19,99.38,0.62,49,94.68,5.32,115.85,109.69,0.3443,2026-02,B,False,False,False,False,False,C
2026-02-19,A-03,480,423,57,품질조정,762,721,232.7,2026-02-19,88.12,11.88,41,94.62,5.38,108.09,102.27,0.3227,2026-02,A,False,False,False,False,False,C
2026-02-19,A-02,480,460,20,설비고장,984,978,282.2,2026-02-19,95.83,4.17,6,99.39,0.61,128.35,127.57,0.2885,2026-02,A,False,False,False,False,False,A
2026-02-19,A-01,480,467,13,설비고장,924,915,270.6,2026-02-19,97.29,2.71,9,99.03,0.97,118.72,117.56,0.2957,2026-02,A,False,False,False,False,False,A
2026-02-20,D-03,480,465,15,예방보전,788,763,310.2,2026-02-20,96.88,3.12,25,96.83,3.17,101.68,98.45,0.4066,2026-02,D,False,False,False,False,False,D
2026-02-20,D-02,480,468,12,자재대기,901,879,288.4,2026-02-20,97.5,2.5,22,97.56,2.44,115.51,112.69,0.3281,2026-02,D,False,False,False,False,False,A
2026-02-20,D-01,480,422,58,설비고장,790,760,286.1,2026-02-20,87.92,12.08,30,96.2,3.8,112.32,108.06,0.3764,2026-02,D,False,False,False,False,False,D
2026-02-20,C-03,480,439,41,예방보전,868,797,257.7,2026-02-20,91.46,8.54,71,91.82,8.18,118.63,108.93,0.3233,2026-02,C,False,True,False,False,True,D
2026-02-20,C-02,480,363,117,품질조정,678,628,207.1,2026-02-20,75.62,24.38,50,92.63,7.37,112.07,103.8,0.3298,2026-02,C,True,False,False,True,True,D
2026-02-20,C-01,480,412,68,품질조정,820,756,271.0,2026-02-20,85.83,14.17,64,92.2,7.8,119.42,110.1,0.3585,2026-02,C,False,False,False,False,False,C
2026-02-20,B-02,480,480,0,정상가동,833,798,300.5,2026-02-20,100.0,0.0,35,95.8,4.2,104.12,99.75,0.3766,2026-02,B,False,False,False,False,False,D
2026-02-20,B-01,480,450,30,예방보전,807,783,276.4,2026-02-20,93.75,6.25,24,97.03,2.97,107.6,104.4,0.353,2026-02,B,False,False,False,False,False,C
2026-02-20,A-03,480,434,46,예방보전,783,740,255.1,2026-02-20,90.42,9.58,43,94.51,5.49,108.25,102.3,0.3447,2026-02,A,False,False,False,False,False,C
2026-02-20,A-02,480,431,49,품질조정,809,755,250.9,2026-02-20,89.79,10.21,54,93.33,6.67,112.62,105.1,0.3323,2026-02,A,False,False,False,False,False,C
2026-02-20,A-01,480,443,37,설비고장,860,836,240.4,2026-02-20,92.29,7.71,24,97.21,2.79,116.48,113.23,0.2876,2026-02,A,False,False,False,False,False,A
2026-02-20,B-03,480,419,61,자재대기,823,805,270.6,2026-02-20,87.29,12.71,18,97.81,2.19,117.85,115.27,0.3361,2026-02,B,False,False,False,False,False,C
2026-02-21,B-03,480,480,0,정상가동,839,820,297.3,2026-02-21,100.0,0.0,19,97.74,2.26,104.88,102.5,0.3626,2026-02,B,False,False,False,False,False,D
2026-02-21,D-03,480,467,13,금형교체,839,829,305.1,2026-02-21,97.29,2.71,10,98.81,1.19,107.79,106.51,0.368,2026-02,D,False,False,False,False,False,D
2026-02-21,D-02,480,449,31,예방보전,810,809,269.4,2026-02-21,93.54,6.46,1,99.88,0.12,108.24,108.11,0.333,2026-02,D,False,False,False,False,False,A
2026-02-21,D-01,480,397,83,설비고장,750,727,219.7,2026-02-21,82.71,17.29,23,96.93,3.07,113.35,109.87,0.3022,2026-02,D,False,False,False,False,False,D
2026-02-21,C-03,480,417,63,금형교체,758,707,232.8,2026-02-21,86.88,13.12,51,93.27,6.73,109.06,101.73,0.3293,2026-02,C,False,False,False,False,False,C
2026-02-21,C-02,480,422,58,예방보전,814,783,237.3,2026-02-21,87.92,12.08,31,96.19,3.81,115.73,111.33,0.3031,2026-02,C,False,False,False,False,False,C
2026-02-21,B-01,480,463,17,자재대기,935,915,305.6,2026-02-21,96.46,3.54,20,97.86,2.14,121.17,118.57,0.334,2026-02,B,False,False,False,False,False,A
2026-02-21,B-02,480,476,4,예방보전,852,822,306.3,2026-02-21,99.17,0.83,30,96.48,3.52,107.39,103.61,0.3726,2026-02,B,False,False,False,False,False,D
2026-02-21,A-03,480,414,66,자재대기,770,751,275.8,2026-02-21,86.25,13.75,19,97.53,2.47,111.59,108.84,0.3672,2026-02,A,False,False,False,False,False,D
2026-02-21,A-02,480,458,22,예방보전,870,838,273.5,2026-02-21,95.42,4.58,32,96.32,3.68,113.97,109.78,0.3264,2026-02,A,False,False,False,False,False,B
2026-02-21,A-01,480,474,6,품질조정,921,901,302.0,2026-02-21,98.75,1.25,20,97.83,2.17,116.58,114.05,0.3352,2026-02,A,False,False,False,False,False,A
2026-02-21,C-01,480,421,59,예방보전,808,759,248.6,2026-02-21,87.71,12.29,49,93.94,6.06,115.15,108.17,0.3275,2026-02,C,False,False,False,False,False,C
2026-02-22,C-03,480,466,14,자재대기,857,795,327.8,2026-02-22,97.08,2.92,62,92.77,7.23,110.34,102.36,0.4123,2026-02,C,False,False,True,False,True,D
2026-02-22,D-03,480,407,73,자재대기,789,757,243.6,2026-02-22,84.79,15.21,32,95.94,4.06,116.31,111.6,0.3218,2026-02,D,False,False,False,False,False,D
2026-02-22,C-02,480,423,57,품질조정,803,751,265.2,2026-02-22,88.12,11.88,52,93.52,6.48,113.9,106.52,0.3531,2026-02,C,False,False,False,False,False,C
2026-02-22,D-02,480,451,29,예방보전,956,937,273.6,2026-02-22,93.96,6.04,19,98.01,1.99,127.18,124.66,0.292,2026-02,D,False,False,False,False,False,A
2026-02-22,D-01,480,399,81,자재대기,680,679,221.0,2026-02-22,83.12,16.88,1,99.85,0.15,102.26,102.11,0.3255,2026-02,D,False,False,False,False,False,D
2026-02-22,C-01,480,374,106,설비고장,687,642,227.0,2026-02-22,77.92,22.08,45,93.45,6.55,110.21,102.99,0.3536,2026-02,C,True,False,False,True,True,D
2026-02-22,A-03,480,404,76,품질조정,840,825,254.8,2026-02-22,84.17,15.83,15,98.21,1.79,124.75,122.52,0.3088,2026-02,A,False,False,False,False,False,D
2026-02-22,B-02,480,451,29,자재대기,724,716,259.1,2026-02-22,93.96,6.04,8,98.9,1.1,96.32,95.25,0.3619,2026-02,B,False,False,False,False,False,D
2026-02-22,B-01,480,424,56,예방보전,743,725,275.5,2026-02-22,88.33,11.67,18,97.58,2.42,105.14,102.59,0.38,2026-02,B,False,False,False,False,False,D
2026-02-22,A-02,480,428,52,품질조정,754,723,264.1,2026-02-22,89.17,10.83,31,95.89,4.11,105.7,101.36,0.3653,2026-02,A,False,False,False,False,False,D
2026-02-22,A-01,480,461,19,자재대기,774,733,257.5,2026-02-22,96.04,3.96,41,94.7,5.3,100.74,95.4,0.3513,2026-02,A,False,False,False,False,False,C
2026-02-22,B-03,480,412,68,설비고장,785,768,230.0,2026-02-22,85.83,14.17,17,97.83,2.17,114.32,111.84,0.2995,2026-02,B,False,False,False,False,False,C
2026-02-23,D-03,480,407,73,설비고장,687,667,258.2,2026-02-23,84.79,15.21,20,97.09,2.91,101.28,98.33,0.3871,2026-02,D,False,False,False,False,False,D
2026-02-23,D-02,480,437,43,예방보전,745,744,277.1,2026-02-23,91.04,8.96,1,99.87,0.13,102.29,102.15,0.3724,2026-02,D,False,False,False,False,False,D
2026-02-23,D-01,480,463,17,품질조정,890,875,307.4,2026-02-23,96.46,3.54,15,98.31,1.69,115.33,113.39,0.3513,2026-02,D,False,False,False,False,False,C
2026-02-23,C-03,480,343,137,예방보전,625,582,220.4,2026-02-23,71.46,28.54,43,93.12,6.88,109.33,101.81,0.3787,2026-02,C,True,False,False,True,True,D
2026-02-23,C-02,480,396,84,금형교체,840,759,243.0,2026-02-23,82.5,17.5,81,90.36,9.64,127.27,115.0,0.3202,2026-02,C,False,True,False,False,True,D
2026-02-23,C-01,480,376,104,품질조정,629,607,234.2,2026-02-23,78.33,21.67,22,96.5,3.5,100.37,96.86,0.3858,2026-02,C,True,False,False,True,True,D
2026-02-23,B-03,480,449,31,품질조정,819,782,289.3,2026-02-23,93.54,6.46,37,95.48,4.52,109.44,104.5,0.3699,2026-02,B,False,False,False,False,False,D
2026-02-23,B-02,480,480,0,정상가동,959,944,282.8,2026-02-23,100.0,0.0,15,98.44,1.56,119.88,118.0,0.2996,2026-02,B,False,False,False,False,False,A
2026-02-23,B-01,480,426,54,품질조정,781,770,293.6,2026-02-23,88.75,11.25,11,98.59,1.41,110.0,108.45,0.3813,2026-02,B,False,False,False,False,False,D
2026-02-23,A-03,480,424,56,설비고장,692,680,262.5,2026-02-23,88.33,11.67,12,98.27,1.73,97.92,96.23,0.386,2026-02,A,False,False,False,False,False,D
2026-02-23,A-02,480,480,0,정상가동,884,868,282.4,2026-02-23,100.0,0.0,16,98.19,1.81,110.5,108.5,0.3253,2026-02,A,False,False,False,False,False,A
2026-02-23,A-01,480,440,40,금형교체,787,761,247.8,2026-02-23,91.67,8.33,26,96.7,3.3,107.32,103.77,0.3256,2026-02,A,False,False,False,False,False,B
2026-02-24,D-03,480,457,23,자재대기,767,752,297.7,2026-02-24,95.21,4.79,15,98.04,1.96,100.7,98.73,0.3959,2026-02,D,False,False,False,False,False,D
2026-02-24,D-02,480,413,67,품질조정,639,604,234.6,2026-02-24,86.04,13.96,35,94.52,5.48,92.83,87.75,0.3884,2026-02,D,False,False,False,False,False,D
2026-02-24,D-01,480,451,29,예방보전,803,792,285.1,2026-02-24,93.96,6.04,11,98.63,1.37,106.83,105.37,0.36,2026-02,D,False,False,False,False,False,C
2026-02-24,C-03,480,323,157,설비고장,655,636,199.5,2026-02-24,67.29,32.71,19,97.1,2.9,121.67,118.14,0.3137,2026-02,C,True,False,False,True,True,D
2026-02-24,C-02,480,384,96,금형교체,723,687,208.3,2026-02-24,80.0,20.0,36,95.02,4.98,112.97,107.34,0.3032,2026-02,C,False,False,False,True,True,D
2026-02-24,C-01,480,387,93,예방보전,694,654,245.7,2026-02-24,80.62,19.38,40,94.24,5.76,107.6,101.4,0.3757,2026-02,C,False,False,False,True,True,D
2026-02-24,B-02,480,445,35,예방보전,790,774,278.4,2026-02-24,92.71,7.29,16,97.97,2.03,106.52,104.36,0.3597,2026-02,B,False,False,False,False,False,C
2026-02-24,B-01,480,410,70,품질조정,775,748,285.0,2026-02-24,85.42,14.58,27,96.52,3.48,113.41,109.46,0.381,2026-02,B,False,False,False,False,False,D
2026-02-24,A-03,480,431,49,예방보전,823,794,238.2,2026-02-24,89.79,10.21,29,96.48,3.52,114.57,110.53,0.3,2026-02,A,False,False,False,False,False,B
2026-02-24,A-02,480,413,67,예방보전,808,802,266.6,2026-02-24,86.04,13.96,6,99.26,0.74,117.38,116.51,0.3324,2026-02,A,False,False,False,False,False,C
2026-02-24,A-01,480,431,49,설비고장,778,764,276.4,2026-02-24,89.79,10.21,14,98.2,1.8,108.31,106.36,0.3618,2026-02,A,False,False,False,False,False,D
2026-02-24,B-03,480,458,22,자재대기,798,784,280.3,2026-02-24,95.42,4.58,14,98.25,1.75,104.54,102.71,0.3575,2026-02,B,False,False,False,False,False,C
2026-02-25,B-03,480,410,70,자재대기,833,823,257.6,2026-02-25,85.42,14.58,10,98.8,1.2,121.9,120.44,0.313,2026-02,B,False,False,False,False,False,C
2026-02-25,D-03,480,420,60,설비고장,794,762,292.7,2026-02-25,87.5,12.5,32,95.97,4.03,113.43,108.86,0.3841,2026-02,D,False,False,False,False,False,D
2026-02-25,D-02,480,448,32,품질조정,719,713,262.6,2026-02-25,93.33,6.67,6,99.17,0.83,96.29,95.49,0.3683,2026-02,D,False,False,False,False,False,D
2026-02-25,D-01,480,428,52,품질조정,809,786,267.5,2026-02-25,89.17,10.83,23,97.16,2.84,113.41,110.19,0.3403,2026-02,D,False,False,False,False,False,B
2026-02-25,C-03,480,399,81,품질조정,772,711,244.6,2026-02-25,83.12,16.88,61,92.1,7.9,116.09,106.92,0.344,2026-02,C,False,False,False,False,False,D
2026-02-25,C-02,480,384,96,품질조정,724,695,230.1,2026-02-25,80.0,20.0,29,95.99,4.01,113.12,108.59,0.3311,2026-02,C,False,False,False,True,True,D
2026-02-25,B-01,480,421,59,설비고장,810,785,264.8,2026-02-25,87.71,12.29,25,96.91,3.09,115.44,111.88,0.3373,2026-02,B,False,False,False,False,False,C
2026-02-25,B-02,480,436,44,금형교체,837,814,266.9,2026-02-25,90.83,9.17,23,97.25,2.75,115.18,112.02,0.3279,2026-02,B,False,False,False,False,False,B
2026-02-25,A-03,480,443,37,자재대기,820,795,277.9,2026-02-25,92.29,7.71,25,96.95,3.05,111.06,107.67,0.3496,2026-02,A,False,False,False,False,False,B
2026-02-25,A-02,480,407,73,품질조정,730,688,253.7,2026-02-25,84.79,15.21,42,94.25,5.75,107.62,101.43,0.3687,2026-02,A,False,False,False,False,False,D
2026-02-25,A-01,480,433,47,설비고장,803,777,251.0,2026-02-25,90.21,9.79,26,96.76,3.24,111.27,107.67,0.323,2026-02,A,False,False,False,False,False,B
2026-02-25,C-01,480,456,24,품질조정,832,776,260.4,2026-02-25,95.0,5.0,56,93.27,6.73,109.47,102.11,0.3356,2026-02,C,False,False,False,False,False,C
2026-02-26,D-03,480,447,33,자재대기,845,822,293.8,2026-02-26,93.12,6.88,23,97.28,2.72,113.42,110.34,0.3574,2026-02,D,False,False,False,False,False,C
2026-02-26,C-03,480,407,73,품질조정,775,701,213.8,2026-02-26,84.79,15.21,74,90.45,9.55,114.25,103.34,0.305,2026-02,C,False,True,False,False,True,D
2026-02-26,C-02,480,407,73,금형교체,786,737,285.1,2026-02-26,84.79,15.21,49,93.77,6.23,115.87,108.65,0.3868,2026-02,C,False,False,False,False,False,D
2026-02-26,D-02,480,462,18,금형교체,857,856,276.7,2026-02-26,96.25,3.75,1,99.88,0.12,111.3,111.17,0.3232,2026-02,D,False,False,False,False,False,A
2026-02-26,D-01,480,468,12,품질조정,907,872,261.0,2026-02-26,97.5,2.5,35,96.14,3.86,116.28,111.79,0.2993,2026-02,D,False,False,False,False,False,B
2026-02-26,C-01,480,398,82,예방보전,678,634,229.1,2026-02-26,82.92,17.08,44,93.51,6.49,102.21,95.58,0.3614,2026-02,C,False,False,False,False,False,D
2026-02-26,B-01,480,452,28,예방보전,862,843,274.9,2026-02-26,94.17,5.83,19,97.8,2.2,114.42,111.9,0.3261,2026-02,B,False,False,False,False,False,A
2026-02-26,B-02,480,441,39,예방보전,865,836,276.8,2026-02-26,91.88,8.12,29,96.65,3.35,117.69,113.74,0.3311,2026-02,B,False,False,False,False,False,B
2026-02-26,A-03,480,437,43,품질조정,749,732,249.6,2026-02-26,91.04,8.96,17,97.73,2.27,102.84,100.5,0.341,2026-02,A,False,False,False,False,False,B
2026-02-26,A-02,480,420,60,설비고장,802,775,275.3,2026-02-26,87.5,12.5,27,96.63,3.37,114.57,110.71,0.3552,2026-02,A,False,False,False,False,False,C
2026-02-26,A-01,480,432,48,자재대기,839,827,283.5,2026-02-26,90.0,10.0,12,98.57,1.43,116.53,114.86,0.3428,2026-02,A,False,False,False,False,False,B
2026-02-26,B-03,480,398,82,금형교체,845,802,246.0,2026-02-26,82.92,17.08,43,94.91,5.09,127.39,120.9,0.3067,2026-02,B,False,False,False,False,False,D
2026-02-27,D-03,480,454,26,자재대기,776,752,301.5,2026-02-27,94.58,5.42,24,96.91,3.09,102.56,99.38,0.4009,2026-02,D,False,False,False,False,False,D
2026-02-27,D-02,480,411,69,자재대기,848,846,229.9,2026-02-27,85.62,14.37,2,99.76,0.24,123.8,123.5,0.2717,2026-02,D,False,False,False,False,False,C
2026-02-27,D-01,480,456,24,품질조정,857,803,268.2,2026-02-27,95.0,5.0,54,93.7,6.3,112.76,105.66,0.334,2026-02,D,False,False,False,False,False,C
2026-02-27,C-03,480,409,71,설비고장,786,711,272.1,2026-02-27,85.21,14.79,75,90.46,9.54,115.31,104.3,0.3827,2026-02,C,False,True,False,False,True,D
2026-02-27,C-02,480,395,85,예방보전,774,729,267.1,2026-02-27,82.29,17.71,45,94.19,5.81,117.57,110.73,0.3664,2026-02,C,False,False,False,False,False,D
2026-02-27,C-01,480,416,64,품질조정,731,672,260.4,2026-02-27,86.67,13.33,59,91.93,8.07,105.43,96.92,0.3875,2026-02,C,False,True,False,False,True,D
2026-02-27,B-02,480,442,38,자재대기,893,892,248.6,2026-02-27,92.08,7.92,1,99.89,0.11,121.22,121.09,0.2787,2026-02,B,False,False,False,False,False,A
2026-02-27,B-01,480,396,84,자재대기,715,711,238.7,2026-02-27,82.5,17.5,4,99.44,0.56,108.33,107.73,0.3357,2026-02,B,False,False,False,False,False,D
2026-02-27,A-03,480,451,29,금형교체,877,866,303.7,2026-02-27,93.96,6.04,11,98.75,1.25,116.67,115.21,0.3507,2026-02,A,False,False,False,False,False,C
2026-02-27,A-02,480,383,97,금형교체,686,677,227.6,2026-02-27,79.79,20.21,9,98.69,1.31,107.47,106.06,0.3362,2026-02,A,True,False,False,True,True,D
2026-02-27,A-01,480,458,22,금형교체,868,836,276.9,2026-02-27,95.42,4.58,32,96.31,3.69,113.71,109.52,0.3312,2026-02,A,False,False,False,False,False,B
2026-02-27,B-03,480,394,86,품질조정,731,713,255.8,2026-02-27,82.08,17.92,18,97.54,2.46,111.32,108.58,0.3588,2026-02,B,False,False,False,False,False,D
2026-02-28,C-02,480,430,50,품질조정,854,796,249.1,2026-02-28,89.58,10.42,58,93.21,6.79,119.16,111.07,0.3129,2026-02,C,False,False,False,False,False,C
2026-02-28,D-02,480,469,11,설비고장,974,966,262.5,2026-02-28,97.71,2.29,8,99.18,0.82,124.61,123.58,0.2717,2026-02,D,False,False,False,False,False,A
2026-02-28,D-01,480,439,41,자재대기,829,828,261.8,2026-02-28,91.46,8.54,1,99.88,0.12,113.3,113.17,0.3162,2026-02,D,False,False,False,False,False,B
2026-02-28,C-03,480,418,62,설비고장,775,729,291.0,2026-02-28,87.08,12.92,46,94.06,5.94,111.24,104.64,0.3992,2026-02,C,False,False,False,False,False,D
2026-02-28,D-03,480,406,74,자재대기,751,716,236.1,2026-02-28,84.58,15.42,35,95.34,4.66,110.99,105.81,0.3297,2026-02,D,False,False,False,False,False,D
2026-02-28,C-01,480,367,113,품질조정,703,643,188.0,2026-02-28,76.46,23.54,60,91.47,8.53,114.93,105.12,0.2924,2026-02,C,True,True,False,True,True,D
2026-02-28,B-01,480,417,63,설비고장,788,763,251.3,2026-02-28,86.88,13.12,25,96.83,3.17,113.38,109.78,0.3294,2026-02,B,False,False,False,False,False,C
2026-02-28,B-02,480,462,18,예방보전,807,787,297.4,2026-02-28,96.25,3.75,20,97.52,2.48,104.81,102.21,0.3779,2026-02,B,False,False,False,False,False,D
2026-02-28,A-03,480,433,47,설비고장,750,732,286.9,2026-02-28,90.21,9.79,18,97.6,2.4,103.93,101.43,0.3919,2026-02,A,False,False,False,False,False,D
2026-02-28,A-02,480,467,13,예방보전,920,889,310.4,2026-02-28,97.29,2.71,31,96.63,3.37,118.2,114.22,0.3492,2026-02,A,False,False,False,False,False,B
2026-02-28,A-01,480,448,32,설비고장,758,733,314.4,2026-02-28,93.33,6.67,25,96.7,3.3,101.52,98.17,0.4289,2026-02,A,False,False,True,False,True,D
2026-02-28,B-03,480,421,59,품질조정,746,729,270.1,2026-02-28,87.71,12.29,17,97.72,2.28,106.32,103.9,0.3705,2026-02,B,False,False,False,False,False,D
2026-03-01,D-01,480,466,14,예방보전,823,785,289.1,2026-03-01,97.08,2.92,38,95.38,4.62,105.97,101.07,0.3683,2026-03,D,False,False,False,False,False,D
2026-03-01,C-03,480,385,95,자재대기,684,659,252.7,2026-03-01,80.21,19.79,25,96.35,3.65,106.6,102.7,0.3835,2026-03,C,False,False,False,True,True,D
2026-03-01,C-02,480,390,90,설비고장,795,742,218.0,2026-03-01,81.25,18.75,53,93.33,6.67,122.31,114.15,0.2938,2026-03,C,False,False,False,False,False,D
2026-03-01,C-01,480,417,63,예방보전,721,672,269.4,2026-03-01,86.88,13.12,49,93.2,6.8,103.74,96.69,0.4009,2026-03,C,False,False,False,False,False,D
2026-03-01,B-03,480,466,14,금형교체,880,851,287.3,2026-03-01,97.08,2.92,29,96.7,3.3,113.3,109.57,0.3376,2026-03,B,False,False,False,False,False,B
2026-03-01,B-01,480,387,93,예방보전,710,701,251.3,2026-03-01,80.62,19.38,9,98.73,1.27,110.08,108.68,0.3585,2026-03,B,False,False,False,True,True,D
2026-03-01,A-03,480,425,55,금형교체,644,626,257.9,2026-03-01,88.54,11.46,18,97.2,2.8,90.92,88.38,0.412,2026-03,A,False,False,True,False,True,D
2026-03-01,A-02,480,469,11,금형교체,852,813,295.0,2026-03-01,97.71,2.29,39,95.42,4.58,109.0,104.01,0.3629,2026-03,A,False,False,False,False,False,D
2026-03-01,A-01,480,431,49,자재대기,847,815,215.8,2026-03-01,89.79,10.21,32,96.22,3.78,117.91,113.46,0.2648,2026-03,A,False,False,False,False,False,B
2026-03-01,D-02,480,460,20,예방보전,1011,946,257.2,2026-03-01,95.83,4.17,65,93.57,6.43,131.87,123.39,0.2719,2026-03,D,False,False,False,False,False,C
2026-03-01,B-02,480,372,108,자재대기,691,651,226.5,2026-03-01,77.5,22.5,40,94.21,5.79,111.45,105.0,0.3479,2026-03,B,True,False,False,True,True,D
2026-03-01,D-03,480,452,28,자재대기,789,779,237.5,2026-03-01,94.17,5.83,10,98.73,1.27,104.73,103.41,0.3049,2026-03,D,False,False,False,False,False,A
